"CountryNum","StateNum","Route","RouteName","Active","Stratum","BCR","RouteTypeID","RouteTypeDetailID","pt_id","name_clean"
840,"02","003","FLORENCE",0,14,24,1,1,3,"florence"
840,"02","018","MARVEL",0,4,28,1,1,18,"marvel"
840,"02","074","Perdido",1,3,27,1,1,74,"perdido"
840,"02","151","Liberty City 2",1,11,29,1,1,84,"liberty city 2"
840,"02","240","DAUPHIN IS 3",0,3,27,1,1,105,"dauphin is 3"
840,"02","901","TRACE CHEROKEE",0,4,27,1,2,113,"trace cherokee"
840,"03","019","HOMER",0,96,4,1,1,131,"homer"
840,"03","026","BEAVER CREEK",0,94,5,1,1,137,"beaver creek"
840,"03","132","UTQIAGVIK",1,99,3,1,1,168,"utqiagvik"
840,"03","217","WASILLA",0,96,4,1,1,176,"wasilla"
840,"03","223","THORNE BAY 2",1,94,5,1,1,180,"thorne bay 2"
840,"03","817","ELMENDORF (Short)",0,96,5,1,3,236,"elmendorf short"
840,"03","824","WRANGELL (Short)",0,94,5,1,3,239,"wrangell short"
840,"03","825","YAKUTAT (Short)",0,94,5,1,3,240,"yakutat short"
840,"03","851","VALDEZ (Short)",0,96,5,1,3,243,"valdez short"
840,"03","881","KUGARAK (Short)",0,25,2,2,3,245,"kugarak short"
840,"03","882","SELAWIK (Short)",0,25,2,2,3,246,"selawik short"
124,"04","001","SEVEN PERSON",0,38,11,1,1,257,"seven person"
124,"04","002","BOW ISLAND",1,38,11,1,1,258,"bow island"
124,"04","003","MILK RIVER",1,38,11,1,1,259,"milk river"
124,"04","004","FORT MACLEOD",0,38,11,1,1,260,"fort macleod"
124,"04","005","SENTINEL",0,64,10,1,1,261,"sentinel"
124,"04","006","BINDLOSS",1,38,11,1,1,262,"bindloss"
124,"04","007","BROOKS",0,38,11,1,1,263,"brooks"
124,"04","008","BOW CITY",0,38,11,1,1,264,"bow city"
124,"04","009","BUFFALO HILL",1,38,11,1,1,265,"buffalo hill"
124,"04","010","HIGHWOOD RIVER",1,30,10,1,1,266,"highwood river"
124,"04","011","CEREAL",1,37,11,1,1,267,"cereal"
124,"04","012","BIG STONE",0,37,11,1,1,268,"big stone"
124,"04","013","ROWLEY",1,37,11,1,1,269,"rowley"
124,"04","014","KEOMA",0,30,11,1,1,270,"keoma"
124,"04","015","EAGLE HILL",1,30,6,1,1,271,"eagle hill"
124,"04","016","EXSHAW",0,64,10,1,1,272,"exshaw"
124,"04","017","BOW PASS",1,64,10,1,1,273,"bow pass"
124,"04","018","CZAR",1,30,11,1,1,274,"czar"
124,"04","019","TALBOT",1,37,11,1,1,275,"talbot"
124,"04","020","HALKIRK",1,37,11,1,1,276,"halkirk"
124,"04","021","DELBURNE",0,30,11,1,1,277,"delburne"
124,"04","022","RAVEN",1,30,6,1,1,278,"raven"
124,"04","023","HARLECH",0,29,6,1,1,279,"harlech"
124,"04","024","WINDY POINT",1,29,10,1,1,280,"windy point"
124,"04","025","MALIGNE LAKE",1,64,10,1,1,281,"maligne lake"
124,"04","026","DERWENT",1,30,11,1,1,282,"derwent"
124,"04","027","TWO HILLS",1,30,11,1,1,283,"two hills"
124,"04","028","LINDBROOK",1,30,11,1,1,284,"lindbrook"
124,"04","029","CALAHOO",1,30,11,1,1,285,"calahoo"
124,"04","030","WARBURG",0,30,6,1,1,286,"warburg"
124,"04","031","RONAN",1,29,6,1,1,287,"ronan"
124,"04","032","EDSON",1,29,6,1,1,288,"edson"
124,"04","033","ENTRANCE",1,29,6,1,1,289,"entrance"
124,"04","034","HOFF",0,29,10,1,1,290,"hoff"
124,"04","036","KEHIWIN LAKE",1,30,6,1,1,291,"kehiwin lake"
124,"04","037","THERIEN",1,30,6,1,1,292,"therien"
124,"04","038","KINIKINIK",1,29,6,1,1,293,"kinikinik"
124,"04","039","ATHABASCA",1,29,6,1,1,294,"athabasca"
124,"04","040","THUNDER LAKE",1,29,6,1,1,295,"thunder lake"
124,"04","041","SWAN HILLS",0,29,6,1,1,296,"swan hills"
124,"04","042","WINDFALL",1,30,6,1,1,297,"windfall"
124,"04","043","LITTLE SMOKY",1,30,6,1,1,298,"little smoky"
124,"04","044","ECONOMY CRK",1,30,6,1,1,299,"economy crk"
124,"04","045","WAPITI",0,30,6,1,1,300,"wapiti"
124,"04","046","WINEFRED LAKE",1,29,6,1,1,301,"winefred lake"
124,"04","047","GOODWIN LAKE",1,29,6,1,1,302,"goodwin lake"
124,"04","048","WANDERING R",0,29,6,1,1,303,"wandering r"
124,"04","049","CALLING LAKE",1,29,6,1,1,304,"calling lake"
124,"04","050","MARTEN RIVER",1,29,6,1,1,305,"marten river"
124,"04","051","KINUSO",0,29,6,1,1,306,"kinuso"
124,"04","052","HIGH PRAIRIE",0,29,6,1,1,307,"high prairie"
124,"04","053","WATINO",1,29,6,1,1,308,"watino"
124,"04","054","RYCROFT",0,29,6,1,1,309,"rycroft"
124,"04","055","WEMBLEY",1,30,6,1,1,310,"wembley"
124,"04","057","HANGINGSTONE",0,29,6,1,1,311,"hangingstone"
124,"04","060","SUNNYBROOK",1,30,6,1,1,312,"sunnybrook"
124,"04","061","LOON RIVER",1,29,6,1,1,313,"loon river"
124,"04","062","THREE CREEKS",1,29,6,1,1,314,"three creeks"
124,"04","063","CARDINAL LK",1,29,6,1,1,315,"cardinal lk"
124,"04","064","HINES CREEK",1,29,6,1,1,316,"hines creek"
124,"04","065","BEAR CANYON",1,29,6,1,1,317,"bear canyon"
124,"04","073","HOTCHKISS",1,29,6,1,1,318,"hotchkiss"
124,"04","077","FORT SMITH",1,25,6,1,1,319,"fort smith"
124,"04","078","PEACE POINT",1,29,6,1,1,320,"peace point"
124,"04","079","HAY CAMP",1,25,6,1,1,321,"hay camp"
124,"04","081","RED ROCK COULEE",1,38,11,1,1,322,"red rock coulee"
124,"04","096","KANANASKIS",1,64,10,1,1,323,"kananaskis"
124,"04","101","MANYBERRIES",1,38,11,1,1,324,"manyberries"
124,"04","102","SHERBOURNE L",1,38,11,1,1,325,"sherbourne l"
124,"04","103","HORSEFLY LK.",1,38,11,1,1,326,"horsefly lk"
124,"04","104","GRANUM",1,38,11,1,1,327,"granum"
124,"04","105","WATERTON PRK",1,65,10,1,1,328,"waterton prk"
124,"04","106","SCHULER",1,38,11,1,1,329,"schuler"
124,"04","107","WARDLOW",1,38,11,1,1,330,"wardlow"
124,"04","108","RANIER",0,38,11,1,1,331,"ranier"
124,"04","109","MAZEPPA",1,37,11,1,1,332,"mazeppa"
124,"04","110","OKOTOKS",0,37,11,1,1,333,"okotoks"
124,"04","111","ESTHER",1,37,11,1,1,334,"esther"
124,"04","112","HEMARUKA",1,37,11,1,1,335,"hemaruka"
124,"04","113","DOWLING LAKE",1,37,11,1,1,336,"dowling lake"
124,"04","114","SHEEP COULEE",1,30,11,1,1,337,"sheep coulee"
124,"04","115","DIDSBURY",1,30,11,1,1,338,"didsbury"
124,"04","116","WIGWAM CREEK",1,29,6,1,1,339,"wigwam creek"
124,"04","118","MILLARD LAKE",1,30,11,1,1,340,"millard lake"
124,"04","119","KILLAM",1,30,11,1,1,341,"killam"
124,"04","120","HEISLER",1,30,11,1,1,342,"heisler"
124,"04","121","BATTLE RIVER",1,30,11,1,1,343,"battle river"
124,"04","122","BENALTO",1,30,6,1,1,344,"benalto"
124,"04","123","CRIPPLE CRK",1,29,6,1,1,345,"cripple crk"
124,"04","124","GRAVE FLATS",1,29,10,1,1,346,"grave flats"
124,"04","125","SUNWAPTA FLS",1,64,10,1,1,347,"sunwapta fls"
124,"04","126","VANESTI",1,30,11,1,1,348,"vanesti"
124,"04","127","VIKING",1,30,11,1,1,349,"viking"
124,"04","128","BRUCE",1,30,11,1,1,350,"bruce"
124,"04","129","HAY LAKES",0,30,11,1,1,351,"hay lakes"
124,"04","130","TOMAHAWK",0,30,6,1,1,352,"tomahawk"
124,"04","131","MACKAY",1,29,6,1,1,353,"mackay"
124,"04","134","MUSKEG RIVER",1,29,10,1,1,354,"muskeg river"
124,"04","136","BEAVERDAM",1,29,6,1,1,355,"beaverdam"
124,"04","137","LAC LA BICHE",1,29,6,1,1,356,"lac la biche"
124,"04","138","LONG LAKE",1,30,6,1,1,357,"long lake"
124,"04","139","PICKARDVILLE",1,30,11,1,1,358,"pickardville"
124,"04","141","FREEMAN LAKE",1,29,6,1,1,359,"freeman lake"
124,"04","143","FOX CREEK",1,30,6,1,1,360,"fox creek"
124,"04","147","CONKLIN",0,29,6,1,1,361,"conklin"
124,"04","149","SANDY LAKE",1,29,6,1,1,362,"sandy lake"
124,"04","152","WINAGAMI LK",1,29,6,1,1,363,"winagami lk"
124,"04","153","VALLEYVIEW",1,30,6,1,1,364,"valleyview"
124,"04","154","HEART VALLEY",1,30,6,1,1,365,"heart valley"
124,"04","155","HYTHE",1,30,6,1,1,366,"hythe"
124,"04","157","WILLOW LAKE",1,29,6,1,1,367,"willow lake"
124,"04","163","DEADWOOD",1,29,6,1,1,368,"deadwood"
124,"04","164","DEER HILL",1,29,6,1,1,369,"deer hill"
124,"04","165","PEACE RIVER",1,29,6,1,1,370,"peace river"
124,"04","196","SMITH DORRIEN",1,64,10,1,1,371,"smith dorrien"
124,"04","201","THELMA",1,38,11,1,1,372,"thelma"
124,"04","202","ETZIKOM COUL",1,38,11,1,1,373,"etzikom coul"
124,"04","203","KIPP COULEE",1,38,11,1,1,374,"kipp coulee"
124,"04","204","TWIN BUTTE",1,38,11,1,1,375,"twin butte"
124,"04","205","COLEMAN",1,64,10,1,1,376,"coleman"
124,"04","206","BOWELL",1,38,11,1,1,377,"bowell"
124,"04","207","HAYS",1,38,11,1,1,378,"hays"
124,"04","208","ENCHANT",1,38,11,1,1,379,"enchant"
124,"04","209","ENSIGN",1,38,11,1,1,380,"ensign"
124,"04","210","LONGVIEW",1,37,11,1,1,381,"longview"
124,"04","211","ACADIA VALLY",1,37,11,1,1,382,"acadia vally"
124,"04","212","SPONDIN",1,37,11,1,1,383,"spondin"
124,"04","213","CRAWLING VALLEY",1,37,11,1,1,384,"crawling valley"
124,"04","214","KATHYRN",1,30,11,1,1,385,"kathyrn"
124,"04","215","GHOST LAKE",1,29,10,1,1,386,"ghost lake"
124,"04","216","BREAD CREEK",1,29,6,1,1,387,"bread creek"
124,"04","218","HAYTER",1,30,11,1,1,388,"hayter"
124,"04","219","AMISK",1,30,11,1,1,389,"amisk"
124,"04","220","BASHAW",1,30,11,1,1,390,"bashaw"
124,"04","221","LACOMBE",1,30,11,1,1,391,"lacombe"
124,"04","222","RIMBEY",1,30,6,1,1,392,"rimbey"
124,"04","223","BREWSTER CRK",0,29,6,1,1,393,"brewster crk"
124,"04","225","MOUNTAIN PRK",1,29,10,1,1,394,"mountain prk"
124,"04","226","PARADISE VAL",1,30,11,1,1,395,"paradise val"
124,"04","227","LAKE ELIZA",1,30,6,1,1,396,"lake eliza"
124,"04","228","SKARO",1,30,11,1,1,397,"skaro"
124,"04","229","CALMAR",1,30,11,1,1,398,"calmar"
124,"04","230","MOON LAKE",1,30,6,1,1,399,"moon lake"
124,"04","231","NITON",1,29,6,1,1,400,"niton"
124,"04","236","ARDMORE",1,29,6,1,1,401,"ardmore"
124,"04","237","HELENA",1,29,6,1,1,402,"helena"
124,"04","238","BARICH",1,30,6,1,1,403,"barich"
124,"04","239","EGREMONT",1,30,6,1,1,404,"egremont"
124,"04","240","FAWCETT",0,29,6,1,1,405,"fawcett"
124,"04","241","CONNOR CREEK",1,29,6,1,1,406,"connor creek"
124,"04","251","SWAN RIVER",1,29,6,1,1,407,"swan river"
124,"04","252","PRAIRIE ECHO",1,29,6,1,1,408,"prairie echo"
124,"04","253","NEW FISH CREEK",1,30,6,1,1,409,"new fish creek"
124,"04","254","FITZSIMMONS",1,30,6,1,1,410,"fitzsimmons"
124,"04","255","BEAR LAKE",1,30,6,1,1,411,"bear lake"
124,"04","301","RUSH LAKE",0,38,11,1,1,412,"rush lake"
124,"04","302","LEGEND",1,38,11,1,1,413,"legend"
124,"04","303","WRENTHAM",1,38,11,1,1,414,"wrentham"
124,"04","304","SUMMERVIEW",1,38,11,1,1,415,"summerview"
124,"04","306","Roseglen",1,38,11,1,1,416,"roseglen"
124,"04","307","STEVEVILLE",1,38,11,1,1,417,"steveville"
124,"04","308","MAJORVILLE",0,38,11,1,1,418,"majorville"
124,"04","309","CLEAR LAKE",1,38,11,1,1,419,"clear lake"
124,"04","310","CHAIN LAKES",0,37,11,1,1,420,"chain lakes"
124,"04","311","CHINOOK",1,37,11,1,1,421,"chinook"
124,"04","312","OAKLAND LAKE",1,37,11,1,1,422,"oakland lake"
124,"04","313","DOROTHY",1,37,11,1,1,423,"dorothy"
124,"04","314","CARBON",1,30,11,1,1,424,"carbon"
124,"04","315","LOCHEND LAKE",1,30,11,1,1,425,"lochend lake"
124,"04","318","CONSORT",1,30,11,1,1,426,"consort"
124,"04","319","FLEET",1,37,11,1,1,427,"fleet"
124,"04","320","STROME",1,30,11,1,1,428,"strome"
124,"04","321","TEES",1,30,11,1,1,429,"tees"
124,"04","322","HESPERO",1,30,6,1,1,430,"hespero"
124,"04","323","NORDEGG RIV.",0,29,6,1,1,431,"nordegg riv"
124,"04","326","ELK POINT",1,30,6,1,1,432,"elk point"
124,"04","327","MYRNAM",1,30,6,1,1,433,"myrnam"
124,"04","328","KINGMAN",1,30,11,1,1,434,"kingman"
124,"04","329","CLOVER LAWN",1,30,11,1,1,435,"clover lawn"
124,"04","330","ISLE LAKE",1,30,6,1,1,436,"isle lake"
124,"04","331","CHIP LAKE",1,29,6,1,1,437,"chip lake"
124,"04","336","MARGUERITE L",1,29,6,1,1,438,"marguerite l"
124,"04","337","ST. LINA",1,30,6,1,1,439,"st lina"
124,"04","338","NORAL",1,30,6,1,1,440,"noral"
124,"04","339","ISLAND LAKE",1,29,6,1,1,441,"island lake"
124,"04","340","NEERLANDIA",1,29,6,1,1,442,"neerlandia"
124,"04","352","GROUARD",1,29,6,1,1,443,"grouard"
124,"04","353","KIMIWAN LAKE",1,29,6,1,1,444,"kimiwan lake"
124,"04","354","WANHAM",1,29,6,1,1,445,"wanham"
124,"04","355","ALBRIGHT",1,30,6,1,1,446,"albright"
124,"04","401","MEDICINE HAT",1,38,11,1,1,447,"medicine hat"
124,"04","404","TROUT CREEK",1,30,10,1,1,448,"trout creek"
124,"04","407","Lake Newell",1,38,11,1,1,449,"lake newell"
124,"04","408","ROSEMARY",1,38,11,1,1,450,"rosemary"
124,"04","410","LIVINGSTONE FOOTHILL",1,37,11,1,1,451,"livingstone foothill"
124,"04","411","Cavendish",0,38,11,1,1,452,"cavendish"
124,"04","412","Blood Indian Resevoi",1,37,11,1,1,453,"blood indian resevoi"
124,"04","413","McNab",1,38,11,1,1,454,"mcnab"
124,"04","414","Sunnyslope",1,30,11,1,1,455,"sunnyslope"
124,"04","421","PINE LAKE",1,30,11,1,1,456,"pine lake"
124,"04","429","South Cooking Lake",1,30,11,1,1,457,"south cooking lake"
124,"04","430","YEOFORD",1,30,6,1,1,458,"yeoford"
124,"04","438","SKUKUM LAKE",1,29,6,1,1,459,"skukum lake"
124,"04","440","FREEDOM",1,29,6,1,1,460,"freedom"
124,"04","452","SNIPE LAKE",1,29,6,1,1,461,"snipe lake"
124,"04","454","SPIRIT RIVER",1,29,6,1,1,462,"spirit river"
124,"04","501","Rolling Hills",1,38,11,1,1,463,"rolling hills"
124,"04","504","Furman",0,30,11,1,1,464,"furman"
124,"04","508","BASSANO",1,37,11,1,1,465,"bassano"
124,"04","511","Buffalo",1,38,11,1,1,466,"buffalo"
124,"04","512","Onefour",1,38,11,1,1,467,"onefour"
124,"04","540","Pembina River",1,29,6,1,1,468,"pembina river"
124,"04","604","MUD LAKE",1,38,11,1,1,469,"mud lake"
124,"04","608","New Majorville",1,38,11,1,1,470,"new majorville"
124,"04","612","Wildhorse",0,38,11,1,1,471,"wildhorse"
124,"04","712","Cutbank Creek",0,38,11,1,1,472,"cutbank creek"
124,"04","812","Wastina",0,37,11,1,1,473,"wastina"
124,"04","928","ELK ISLAND",1,30,11,1,2,474,"elk island"
840,"06","084","Wickenburg",1,82,33,1,1,539,"wickenburg"
840,"06","164","Skull Valley 2",1,87,34,1,1,557,"skull valley 2"
840,"06","172","CUTTER 2",1,82,33,1,1,559,"cutter 2"
840,"06","219","HOPE 2",1,82,33,1,1,563,"hope 2"
840,"06","233","SUNIZONA 2",1,81,34,1,1,564,"sunizona 2"
840,"07","214","Dry Fork 2",1,19,25,1,1,625,"dry fork 2"
840,"07","904","CROWLEY'S RIDGE",1,5,26,1,2,630,"crowley s ridge"
124,"11","001","CHEMAINUS",0,94,5,1,1,631,"chemainus"
124,"11","002","PORT RENFREW",0,94,5,1,1,632,"port renfrew"
124,"11","003","BORDER ROAD",1,64,10,1,1,633,"border road"
124,"11","004","TOKAY",1,64,10,1,1,634,"tokay"
124,"11","005","KUSKONOOK",1,64,10,1,1,635,"kuskonook"
124,"11","006","SALMO",1,64,10,1,1,636,"salmo"
124,"11","007","NEEDLES",1,64,10,1,1,637,"needles"
124,"11","008","BEAVERDELL",1,64,9,1,1,638,"beaverdell"
124,"11","009","PRINCETON",1,67,9,1,1,639,"princeton"
124,"11","010","SEABIRD",1,94,5,1,1,640,"seabird"
124,"11","011","ALBION",0,94,5,1,1,641,"albion"
124,"11","012","SUNSHINE CST",0,94,5,1,1,642,"sunshine cst"
124,"11","013","ALBERNI",0,94,5,1,1,643,"alberni"
124,"11","014","ELSIE LAKE",0,94,5,1,1,644,"elsie lake"
124,"11","015","ELKFORD",1,64,10,1,1,645,"elkford"
124,"11","016","COLUMBIA LK",0,64,10,1,1,646,"columbia lk"
124,"11","017","SPILLIMACHEEN",0,64,10,1,1,647,"spillimacheen"
124,"11","018","ZINCTON",1,64,10,1,1,648,"zincton"
124,"11","019","MABEL LAKE",1,64,9,1,1,649,"mabel lake"
124,"11","020","SALMON ARM",1,64,9,1,1,650,"salmon arm"
124,"11","021","NICOLA",0,64,9,1,1,651,"nicola"
124,"11","022","CANFORD",1,64,9,1,1,652,"canford"
124,"11","023","SHALALTH",1,63,9,1,1,653,"shalalth"
124,"11","026","CAMPBELL RIVER",0,94,5,1,1,654,"campbell river"
124,"11","027","EVE RIVER",0,94,5,1,1,655,"eve river"
124,"11","028","PORT HARDY",0,94,5,1,1,656,"port hardy"
124,"11","029","GOLDEN",1,64,10,1,1,657,"golden"
124,"11","030","ESPLANADE RG",0,64,10,1,1,658,"esplanade rg"
124,"11","031","GOLDSTREAM R",0,64,10,1,1,659,"goldstream r"
124,"11","032","SCOTCH CREEK",1,64,10,1,1,660,"scotch creek"
124,"11","033","BRIDGE LAKE",0,63,10,1,1,661,"bridge lake"
124,"11","034","MEADOWLAKE",1,63,10,1,1,662,"meadowlake"
124,"11","036","CARDIFF MTN",1,63,10,1,1,663,"cardiff mtn"
124,"11","037","TATLAYOKO L",1,63,10,1,1,664,"tatlayoko l"
124,"11","042","GOSNELL",1,64,10,1,1,665,"gosnell"
124,"11","043","HENDRIX LAKE",1,64,10,1,1,666,"hendrix lake"
124,"11","044","KEITHLEY CR.",1,64,10,1,1,667,"keithley cr"
124,"11","045","WILLIAMS LK",1,63,10,1,1,668,"williams lk"
124,"11","046","ALEXIS CREEK",1,63,10,1,1,669,"alexis creek"
124,"11","048","HECKMAN PASS",1,63,10,1,1,670,"heckman pass"
124,"11","049","BELLA COOLA",1,94,5,1,1,671,"bella coola"
124,"11","053","MCBRIDE",1,64,10,1,1,672,"mcbride"
124,"11","054","WINGDAM",1,64,10,1,1,673,"wingdam"
124,"11","055","FERNDALE",1,63,10,1,1,674,"ferndale"
124,"11","057","KENNEY DAM",1,63,10,1,1,675,"kenney dam"
124,"11","058","DUNSTER",1,64,10,1,1,676,"dunster"
124,"11","063","Heritage Hwy",1,29,6,1,1,677,"heritage hwy"
124,"11","065","MCLEOD LAKE",1,63,10,1,1,678,"mcleod lake"
124,"11","067","FRASER LAKE",0,68,10,1,1,679,"fraser lake"
124,"11","068","PINKUT CREEK",1,68,10,1,1,680,"pinkut creek"
124,"11","069","MT MORICE",1,68,10,1,1,681,"mt morice"
124,"11","070","SMITHERS",0,68,10,1,1,682,"smithers"
124,"11","071","LAKELSE",1,94,5,1,1,683,"lakelse"
124,"11","072","KWINITSA",1,94,5,1,1,684,"kwinitsa"
124,"11","074","TUPPER",1,30,6,1,1,685,"tupper"
124,"11","075","WILLISTON LK",1,63,10,1,1,686,"williston lk"
124,"11","078","GERMANSEN LANDING",1,68,10,1,1,687,"germansen landing"
124,"11","079","Tsayta Lake",1,68,10,1,1,688,"tsayta lake"
124,"11","081","KISPIOX",0,68,5,1,1,689,"kispiox"
124,"11","082","NASS RIVER",0,94,5,1,1,690,"nass river"
124,"11","083","Gitwinksihlkw",1,94,5,1,1,691,"gitwinksihlkw"
124,"11","084","FT ST JOHN",0,29,6,1,1,692,"ft st john"
124,"11","085","HUDSON HOPE",1,29,6,1,1,693,"hudson hope"
124,"11","093","MEZIADIN",1,68,5,1,1,694,"meziadin"
124,"11","101","Saltair",1,94,5,1,1,695,"saltair"
124,"11","102","Fairy Lake",1,94,5,1,1,696,"fairy lake"
124,"11","106","KINASKAN LK",1,68,4,1,1,697,"kinaskan lk"
124,"11","110","FORT NELSON",1,29,6,1,1,698,"fort nelson"
124,"11","111","STEAMBOAT",1,68,6,1,1,699,"steamboat"
124,"11","112","TETSA RIVER",1,68,4,1,1,700,"tetsa river"
124,"11","114","Ash River",1,94,5,1,1,701,"ash river"
124,"11","116","KOOTENAY",0,64,10,1,1,702,"kootenay"
124,"11","117","GNAT PASS",1,68,4,1,1,703,"gnat pass"
124,"11","118","BEAVERFOOT",0,64,10,1,1,704,"beaverfoot"
124,"11","125","PETITOT RIVER",1,29,6,1,1,705,"petitot river"
124,"11","126","CAMPBELL LAKE",1,94,5,1,1,706,"campbell lake"
124,"11","131","Big Bend Hwy",1,64,10,1,1,707,"big bend hwy"
124,"11","132","CASSIAR",1,68,4,1,1,708,"cassiar"
124,"11","133","Eaganbridge",1,63,10,1,1,709,"eaganbridge"
124,"11","134","SWAN LAKE",1,68,4,1,1,710,"swan lake"
124,"11","136","ATLIN ROAD",1,68,4,1,1,711,"atlin road"
124,"11","137","PENNINGTON",1,68,4,1,1,712,"pennington"
124,"11","139","CHILKAT PASS",0,68,4,1,1,713,"chilkat pass"
124,"11","150","GOLD RIVER",1,94,5,1,1,714,"gold river"
124,"11","153","FRASER RIVER",1,64,10,1,1,715,"fraser river"
124,"11","167","Ormond Lake",1,68,10,1,1,716,"ormond lake"
124,"11","175","Groundbirch",0,29,6,1,1,717,"groundbirch"
124,"11","178","Old Germansen Road",1,68,10,1,1,718,"old germansen road"
124,"11","181","Glen Vowell",1,68,5,1,1,719,"glen vowell"
124,"11","185","SUKUNKA FALLS",1,29,10,1,1,720,"sukunka falls"
124,"11","198","MASSETT",1,94,5,1,1,721,"massett"
124,"11","199","Rennell Sound",0,94,5,1,1,722,"rennell sound"
124,"11","200","MORESBY IS",0,94,5,1,1,723,"moresby is"
124,"11","201","VICTORIA",1,94,5,1,1,724,"victoria"
124,"11","202","NITNAT",1,94,5,1,1,725,"nitnat"
124,"11","204","WASA",0,64,10,1,1,726,"wasa"
124,"11","205","CRESTON",1,64,10,1,1,727,"creston"
124,"11","206","SLOCAN",1,64,10,1,1,728,"slocan"
124,"11","207","GRAND FORKS",1,64,10,1,1,729,"grand forks"
124,"11","208","SUMMERLAND",1,64,9,1,1,730,"summerland"
124,"11","209","ASHNOLA",0,67,9,1,1,731,"ashnola"
124,"11","210","CHILLIWACK",0,94,5,1,1,732,"chilliwack"
124,"11","211","PITT MEADOWS",0,94,5,1,1,733,"pitt meadows"
124,"11","212","POINT GREY",1,94,5,1,1,734,"point grey"
124,"11","213","SALTERY BAY",0,94,5,1,1,735,"saltery bay"
124,"11","214","WICKANINNISH",1,94,5,1,1,736,"wickaninnish"
124,"11","216","CANAL FLATS",1,64,10,1,1,737,"canal flats"
124,"11","217","TOBY CREEK RD",1,64,10,1,1,738,"toby creek rd"
124,"11","218","GERRARD",1,64,10,1,1,739,"gerrard"
124,"11","220","LAVINGTON",1,64,9,1,1,740,"lavington"
124,"11","221","PLEASANT VAL",1,64,9,1,1,741,"pleasant val"
124,"11","222","PAVILION",1,63,9,1,1,742,"pavilion"
124,"11","223","PEMBERTON",0,68,5,1,1,743,"pemberton"
124,"11","226","STELLA LAKE",1,94,5,1,1,744,"stella lake"
124,"11","228","VICTORIA LK",0,94,5,1,1,745,"victoria lk"
124,"11","229","BLAEBERRY RIVER",1,64,10,1,1,746,"blaeberry river"
124,"11","230","ILLECILEWAET",1,64,10,1,1,747,"illecilewaet"
124,"11","232","ADAMS LAKE",1,64,10,1,1,748,"adams lake"
124,"11","233","CHU CHUA",1,64,9,1,1,749,"chu chua"
124,"11","234","LAC LA HACHE",1,63,10,1,1,750,"lac la hache"
124,"11","235","RISKE CREEK",1,63,10,1,1,751,"riske creek"
124,"11","236","FLETCHER LAKE",1,63,10,1,1,752,"fletcher lake"
124,"11","237","TATLA LAKE",1,63,10,1,1,753,"tatla lake"
124,"11","244","HORSEFLY",1,63,10,1,1,754,"horsefly"
124,"11","245","MELDRUM CR.",1,63,10,1,1,755,"meldrum cr"
124,"11","248","NIMPO LAKE",1,63,10,1,1,756,"nimpo lake"
124,"11","254","SUGARBOWL MT",0,63,10,1,1,757,"sugarbowl mt"
124,"11","255","PRINCE GEORGE",1,63,10,1,1,758,"prince george"
124,"11","256","PUNCHAW",1,63,10,1,1,759,"punchaw"
124,"11","265","SUMMIT LAKE",1,63,10,1,1,760,"summit lake"
124,"11","267","Pinchi Lake",1,68,10,1,1,761,"pinchi lake"
124,"11","270","TELKWA HI RD",1,68,10,1,1,762,"telkwa hi rd"
124,"11","271","KITSUMKALUM",0,68,5,1,1,763,"kitsumkalum"
124,"11","275","TREMBLAY",1,29,6,1,1,764,"tremblay"
124,"11","282","CRANBERRY",0,94,5,1,1,765,"cranberry"
124,"11","284","Rose Prairie",1,29,6,1,1,766,"rose prairie"
124,"11","299","Port Clements",1,94,5,1,1,767,"port clements"
124,"11","300","Skidegate Lake",1,94,5,1,1,768,"skidegate lake"
124,"11","304","Premier Lake",1,64,10,1,1,769,"premier lake"
124,"11","309","UPPER ASHNOLA",1,67,9,1,1,770,"upper ashnola"
124,"11","310","Silver Skagit Rd",1,67,9,1,1,771,"silver skagit rd"
124,"11","311","COQUITLAM",0,94,5,1,1,772,"coquitlam"
124,"11","313","DUCK LAKE",1,94,5,1,1,773,"duck lake"
124,"11","316","WINDERMERE",1,64,10,1,1,774,"windermere"
124,"11","317","DUNCAN LAKE",1,64,10,1,1,775,"duncan lake"
124,"11","323","PEM MEADOWS",1,68,5,1,1,776,"pem meadows"
124,"11","326","FORT NELSON RIVER",1,29,6,1,1,777,"fort nelson river"
124,"11","328","Nahwitti Lake",1,94,5,1,1,778,"nahwitti lake"
124,"11","332","CORMIER CREEK",1,68,4,1,1,779,"cormier creek"
124,"11","335","Dog Creek",1,63,10,1,1,780,"dog creek"
124,"11","339","HAINES SUMMIT",1,68,4,1,1,781,"haines summit"
124,"11","371","Kitimat",1,94,5,1,1,782,"kitimat"
124,"11","401","SALT SPR. IS",1,94,5,1,1,783,"salt spr is"
124,"11","402","COWICHAN LK.",1,94,5,1,1,784,"cowichan lk"
124,"11","407","CHRISTIAN VL",1,64,9,1,1,785,"christian vl"
124,"11","408","OLIVER",1,64,9,1,1,786,"oliver"
124,"11","409","BROOKMERE",1,64,9,1,1,787,"brookmere"
124,"11","410","CHILLIWACK LAKE",1,67,9,1,1,788,"chilliwack lake"
124,"11","411","Maple Ridge",1,94,5,1,1,789,"maple ridge"
124,"11","412","SQUAMISH",0,94,5,1,1,790,"squamish"
124,"11","413","NANAIMO RIV",1,94,5,1,1,791,"nanaimo riv"
124,"11","414","COMOX LAKE",0,94,5,1,1,792,"comox lake"
124,"11","417","BUGABOO CREEK",1,64,10,1,1,793,"bugaboo creek"
124,"11","419","CREIGHTON V",1,64,9,1,1,794,"creighton v"
124,"11","420","CANOE POINT",1,64,9,1,1,795,"canoe point"
124,"11","422","HAT CREEK",1,64,9,1,1,796,"hat creek"
124,"11","423","DUFFEY LAKE",1,68,9,1,1,797,"duffey lake"
124,"11","426","QUADRA IS.",1,94,5,1,1,798,"quadra is"
124,"11","430","SUCCOUR CR.",1,64,10,1,1,799,"succour cr"
124,"11","454","BOWRON",1,63,10,1,1,800,"bowron"
124,"11","510","Chaumox",1,64,9,1,1,801,"chaumox"
124,"11","511","Skookumchuk",1,94,5,1,1,802,"skookumchuk"
124,"11","513","Texada Island",1,94,5,1,1,803,"texada island"
124,"11","514","COURTENAY",0,94,5,1,1,804,"courtenay"
124,"11","608","PARK RILL",1,64,9,1,1,805,"park rill"
124,"11","609","BROMLEY",1,64,9,1,1,806,"bromley"
124,"11","611","Barrowtown",1,94,5,1,1,807,"barrowtown"
124,"11","612","SQUAMISH RIVER",1,68,5,1,1,808,"squamish river"
124,"11","613","COOMBS",1,94,5,1,1,809,"coombs"
124,"11","614","Mt. Washington",1,94,5,1,1,810,"mt washington"
124,"11","621","KAMLOOPS",1,64,9,1,1,811,"kamloops"
124,"11","622","BOTANIE VALLEY",1,64,9,1,1,812,"botanie valley"
124,"11","709","OSPREY LAKE",1,64,9,1,1,813,"osprey lake"
124,"11","711","Mud Bay",0,94,5,1,1,814,"mud bay"
124,"11","721","LOWER NICOLA",1,64,9,1,1,815,"lower nicola"
124,"11","900","SYRINGA CR",1,64,10,1,2,816,"syringa cr"
840,"14","087","NEEDLES",0,83,33,1,1,903,"needles"
840,"14","100","WISTER",1,82,33,1,1,916,"wister"
840,"14","115","Lake Berryessa",1,92,32,1,1,929,"lake berryessa"
840,"14","143","Twentynine Palms",1,83,33,1,1,957,"twentynine palms"
840,"14","235","SANTA CRUZ 2",0,90,32,1,1,1026,"santa cruz 2"
840,"14","240","WILLOW SPRINGS 2",1,83,33,1,1,1027,"willow springs 2"
840,"14","268","Shoshone",1,83,33,1,1,1032,"shoshone"
840,"14","321","CLEVELAND NF 2",1,92,32,1,1,1039,"cleveland nf 2"
840,"14","520","Jofegan 2",1,90,32,1,1,1085,"jofegan 2"
840,"14","918","Redwood N.P. 2",0,93,5,1,2,1095,"redwood n p 2"
840,"17","059","Pleasant View",1,84,16,1,1,1153,"pleasant view"
840,"17","116","COLONA 2",1,62,16,1,1,1156,"colona 2"
840,"17","378","HEENEY",0,62,16,1,1,1240,"heeney"
840,"17","478","HEENEY 2",1,62,16,1,1,1249,"heeney 2"
840,"21","106","Millsboro",1,4,30,1,1,1287,"millsboro"
840,"21","110","Milton 2",1,4,30,1,1,1291,"milton 2"
840,"25","088","CLEWISTON",1,1,31,1,1,1369,"clewiston"
840,"25","089","Harker",1,2,31,1,1,1370,"harker"
840,"25","131","INDIANTOWN 2",1,2,31,1,1,1381,"indiantown 2"
840,"25","913","BABCOCK RNCH",0,2,31,1,2,1412,"babcock rnch"
840,"25","923","SANTA ROSA GUIS",0,3,27,1,2,1421,"santa rosa guis"
840,"27","142","Ball Ground",1,11,29,1,1,1488,"ball ground"
840,"27","320","Irwinton",1,4,27,1,1,1513,"irwinton"
840,"33","009","DEEP CREEK",0,64,10,1,1,1542,"deep creek"
840,"34","082","ALDEN",1,16,22,1,1,1681,"alden"
840,"34","320","Fairdale",1,31,22,1,1,1703,"fairdale"
840,"38","039","Bucyrus",1,33,22,1,1,1851,"bucyrus"
840,"39","013","MCVEIGH",0,21,28,1,1,1892,"mcveigh"
840,"39","047","MORGANFIELD",1,15,24,1,1,1926,"morganfield"
840,"39","147","Morganfield 2",0,15,24,1,1,1944,"morganfield 2"
124,"43","001","RICHARDSON",1,25,6,1,1,2052,"richardson"
124,"43","002","FORT MCPHERSON",1,25,6,1,1,2053,"fort mcpherson"
124,"43","003","MACKENZIE R",1,99,6,1,1,2054,"mackenzie r"
124,"43","004","INUVIK",1,99,6,1,1,2055,"inuvik"
124,"43","005","GT SLAVE LK",0,25,7,1,1,2056,"gt slave lk"
124,"43","006","STAGG RIVER",0,25,7,1,1,2057,"stagg river"
124,"43","007","INGRAHAM",1,25,7,1,1,2058,"ingraham"
124,"43","008","FORT PROVIDENCE",1,25,6,1,1,2059,"fort providence"
124,"43","009","LITTLE BUFFALO",1,29,6,1,1,2060,"little buffalo"
124,"43","010","FORT SIMPSON",1,29,6,1,1,2061,"fort simpson"
124,"43","011","FORT LIARD",1,68,6,1,1,2062,"fort liard"
124,"43","012","NORMAN WELLS",1,25,6,1,1,2063,"norman wells"
124,"43","013","MAGUSE",0,99,3,1,1,2064,"maguse"
124,"43","014","BEAR RIVER",1,25,6,1,1,2065,"bear river"
124,"43","015","EKATI",1,99,3,1,1,2066,"ekati"
124,"43","016","Antoine Lake",1,25,6,1,1,2067,"antoine lake"
124,"43","017","Mackenzie Mile 254",1,25,6,1,1,2068,"mackenzie mile 254"
124,"43","018","Mackenzie Tributary",1,29,6,1,1,2069,"mackenzie tributary"
124,"43","019","Wrigley",1,25,6,1,1,2070,"wrigley"
124,"43","020","Trout River",1,29,6,1,1,2071,"trout river"
124,"43","021","Enterprise",1,29,6,1,1,2072,"enterprise"
124,"43","022","Caen Lake",1,25,6,1,1,2073,"caen lake"
124,"43","023","Edzo",1,25,6,1,1,2074,"edzo"
124,"43","024","Hay River",1,29,6,1,1,2075,"hay river"
124,"43","025","COPP LAKE",1,25,6,1,1,2076,"copp lake"
124,"43","026","Nahinni Butte",1,29,6,1,1,2077,"nahinni butte"
124,"43","027","North of Inuvik",1,99,6,1,1,2078,"north of inuvik"
124,"43","028","Tuk Road",1,99,6,1,1,2079,"tuk road"
124,"43","106","MacKenzie Highway",1,25,7,1,1,2080,"mackenzie highway"
124,"43","108","Junction 1/3",1,29,6,1,1,2081,"junction 1 3"
124,"45","001","ELMA",1,29,12,1,1,2164,"elma"
124,"45","002","DUFRESNE",1,30,11,1,1,2165,"dufresne"
124,"45","003","SPERLING",0,40,11,1,1,2166,"sperling"
124,"45","005","JORDAN",1,40,11,1,1,2167,"jordan"
124,"45","007","MATHER",1,37,11,1,1,2168,"mather"
124,"45","009","CROLL",1,30,11,1,1,2169,"croll"
124,"45","011","BUTLER",1,30,11,1,1,2170,"butler"
124,"45","012","BIRD RIVER",1,29,8,1,1,2171,"bird river"
124,"45","013","TYNDALL",1,30,6,1,1,2172,"tyndall"
124,"45","014","RIVERSIDE",0,30,11,1,1,2173,"riverside"
124,"45","016","MINNEWAKAN",1,30,11,1,1,2174,"minnewakan"
124,"45","018","RIVERDALE",0,30,11,1,1,2175,"riverdale"
124,"45","020","POPE",1,30,11,1,1,2176,"pope"
124,"45","021","BEULAH",1,30,11,1,1,2177,"beulah"
124,"45","022","CRANE RIVER",1,30,6,1,1,2178,"crane river"
124,"45","024","KULISH",1,29,11,1,1,2179,"kulish"
124,"45","026","ZELENA",1,30,6,1,1,2180,"zelena"
124,"45","027","BENSON BAY",0,29,8,1,1,2181,"benson bay"
124,"45","030","SWAN RIVER",1,29,6,1,1,2182,"swan river"
124,"45","032","THE PAS",1,29,6,1,1,2183,"the pas"
124,"45","033","CRANBERRY PG",1,29,8,1,1,2184,"cranberry pg"
124,"45","037","GRASS RIVER",1,29,6,1,1,2185,"grass river"
124,"45","040","BISSETT",1,29,8,1,1,2186,"bissett"
124,"45","041","HECLA ISLAND",1,30,6,1,1,2187,"hecla island"
124,"45","042","RED ROSE",1,30,6,1,1,2188,"red rose"
124,"45","043","CAMPER",1,30,6,1,1,2189,"camper"
124,"45","047","N TWO RIVERS",1,29,6,1,1,2190,"n two rivers"
124,"45","048","TWIN CREEKS",1,29,6,1,1,2191,"twin creeks"
124,"45","049","LENSWOOD",1,30,6,1,1,2192,"lenswood"
124,"45","054","GRAND RAPIDS",0,29,6,1,1,2193,"grand rapids"
124,"45","055","MUDDY BAY",1,29,6,1,1,2194,"muddy bay"
124,"45","060","CROSS LAKE",1,29,8,1,1,2195,"cross lake"
124,"45","061","MINAGO RIVER",1,29,6,1,1,2196,"minago river"
124,"45","062","Whiskey Jack Landing",1,29,8,1,1,2197,"whiskey jack landing"
124,"45","065","THOMPSON",1,25,8,1,1,2198,"thompson"
124,"45","066","NELSON HOUSE",1,25,8,1,1,2199,"nelson house"
124,"45","067","NOTIGI LAKE",1,25,8,1,1,2200,"notigi lake"
124,"45","070","KETTLE RAPID",1,25,8,1,1,2201,"kettle rapid"
124,"45","071","STEPHENS LAKE",1,25,8,1,1,2202,"stephens lake"
124,"45","072","ASSEAN LAKE",1,25,8,1,1,2203,"assean lake"
124,"45","075","LEAF RAPIDS",1,25,8,1,1,2204,"leaf rapids"
124,"45","076","SUWANNEE RIV",1,25,8,1,1,2205,"suwannee riv"
124,"45","077","LYNN LAKE",1,25,8,1,1,2206,"lynn lake"
124,"45","100","CHURCHILL",1,99,7,1,1,2207,"churchill"
124,"45","101","BRAINTREE",1,28,12,1,1,2208,"braintree"
124,"45","102","GRUNTHAL",1,40,6,1,1,2209,"grunthal"
124,"45","103","ST F XAVIER",1,30,11,1,1,2210,"st f xavier"
124,"45","105","HOLLAND",1,30,11,1,1,2211,"holland"
124,"45","107","LENA",1,37,11,1,1,2212,"lena"
124,"45","109","OAK LAKE",1,30,11,1,1,2213,"oak lake"
124,"45","111","ELVA",1,30,11,1,1,2214,"elva"
124,"45","112","SPRINGER LK",1,29,8,1,1,2215,"springer lk"
124,"45","113","TRAVERSE BAY",1,30,12,1,1,2216,"traverse bay"
124,"45","114","MELEB",0,30,6,1,1,2217,"meleb"
124,"45","116","DELTA BEACH",1,30,11,1,1,2218,"delta beach"
124,"45","118","MCCREARY",1,30,11,1,1,2219,"mccreary"
124,"45","120","RIDING MTN",1,30,6,1,1,2220,"riding mtn"
124,"45","121","WATTSVIEW",1,30,11,1,1,2221,"wattsview"
124,"45","124","ETHELBERT",0,29,11,1,1,2222,"ethelbert"
124,"45","141","Pine Dock Road",1,30,6,1,1,2223,"pine dock road"
124,"45","142","Shorncliffe",0,30,6,1,1,2224,"shorncliffe"
124,"45","154","Grand Rapids Dam",1,29,6,1,1,2225,"grand rapids dam"
124,"45","201","WHITEMOUTH LAKE",1,28,12,1,1,2226,"whitemouth lake"
124,"45","202","BEDFORD RIDGE",0,28,12,1,1,2227,"bedford ridge"
124,"45","203","GRETNA",1,40,11,1,1,2228,"gretna"
124,"45","205","GRAYSVILLE",1,40,11,1,1,2229,"graysville"
124,"45","207","BRANDONHILLS",1,30,11,1,1,2230,"brandonhills"
124,"45","209","GRAND CLAIRI",1,30,11,1,1,2231,"grand clairi"
124,"45","211","Broomhill",0,30,11,1,1,2232,"broomhill"
124,"45","212","Big Whiteshell Lk",1,29,12,1,1,2233,"big whiteshell lk"
124,"45","213","BEACONIA",0,30,12,1,1,2234,"beaconia"
124,"45","214","STONY HILL",0,30,11,1,1,2235,"stony hill"
124,"45","216","WESTBOURNE",1,30,11,1,1,2236,"westbourne"
124,"45","218","BIRNIE",1,30,11,1,1,2237,"birnie"
124,"45","220","RUTHENIA",1,30,6,1,1,2238,"ruthenia"
124,"45","242","Rosenburg",1,30,6,1,1,2239,"rosenburg"
124,"45","302","Vita",1,30,6,1,1,2240,"vita"
124,"45","303","Green Ridge",1,40,11,1,1,2241,"green ridge"
124,"45","305","St. Claude",1,40,11,1,1,2242,"st claude"
124,"45","307","Hilton",1,30,11,1,1,2243,"hilton"
124,"45","309","Turtle Mtn",1,37,11,1,1,2244,"turtle mtn"
124,"45","311","Stony Creek",1,30,11,1,1,2245,"stony creek"
124,"45","313","Lac du Bonnet",1,29,12,1,1,2246,"lac du bonnet"
124,"45","314","STONEWALL",1,30,11,1,1,2247,"stonewall"
124,"45","318","RUFFORD",1,30,11,1,1,2248,"rufford"
124,"45","320","CARDALE",1,30,11,1,1,2249,"cardale"
124,"45","402","Sandilands",0,28,12,1,1,2250,"sandilands"
124,"45","403","Sperling-Homewood",1,40,11,1,1,2251,"sperling homewood"
124,"45","413","STEAD",1,30,12,1,1,2252,"stead"
124,"45","414","Woodroyd",1,30,11,1,1,2253,"woodroyd"
124,"45","502","West Sandilands",1,28,12,1,1,2254,"west sandilands"
124,"45","514","BERLO",1,30,6,1,1,2255,"berlo"
124,"45","614","Sharpewood",1,30,6,1,1,2256,"sharpewood"
840,"46","057","Jessup",1,4,30,1,1,2313,"jessup"
840,"46","058","St. George's Island",1,4,30,1,1,2314,"st george s island"
840,"47","023","MONTEREY",1,27,14,1,1,2356,"monterey"
840,"49","074","COHOCTAH",1,16,23,1,1,2439,"cohoctah"
840,"50","083","Chisholm",1,28,12,1,1,2556,"chisholm"
840,"51","329","Latimer 2",1,3,27,1,1,2622,"latimer 2"
840,"51","907","TRACE LORMAN",0,4,27,1,2,2630,"trace lorman"
840,"51","908","TRACE HINDS",1,4,27,1,2,2631,"trace hinds"
840,"51","909","TRACE MADISON",0,4,27,1,2,2632,"trace madison"
840,"51","910","TRACE ATTALA",0,4,27,1,2,2633,"trace attala"
840,"51","911","TRACE CHOCTAW",0,4,27,1,2,2634,"trace choctaw"
840,"51","912","TRACE CHICKASAW",1,4,27,1,2,2635,"trace chickasaw"
840,"51","913","TRACE LEE",0,4,27,1,2,2636,"trace lee"
840,"51","914","OAK RIDGE VICK",0,4,27,1,2,2637,"oak ridge vick"
840,"51","915","WARREN VICK",0,5,26,1,2,2638,"warren vick"
840,"51","916","VICKSBURG NP",0,4,27,1,2,2639,"vicksburg np"
840,"51","917","PANTHER SWAMP NWR",0,5,26,1,2,2640,"panther swamp nwr"
840,"51","918","DAHOMEY NWR",1,5,26,1,2,2641,"dahomey nwr"
840,"51","919","YAZOO NWR",0,5,26,1,2,2642,"yazoo nwr"
840,"51","920","STAR",1,4,27,1,2,2643,"star"
840,"52","138","ELMO",1,32,22,1,1,2708,"elmo"
840,"52","139","NEW HAMPTON",1,32,22,1,1,2709,"new hampton"
840,"52","140","LUCERNE",1,32,22,1,1,2710,"lucerne"
840,"52","141","QUEEN CITY",1,32,22,1,1,2711,"queen city"
840,"52","142","LURAY",1,32,22,1,1,2712,"luray"
840,"52","143","WESTON",1,32,22,1,1,2713,"weston"
840,"52","144","DOVER",1,32,22,1,1,2714,"dover"
840,"52","145","WOODLANDVILLE",1,31,24,1,1,2715,"woodlandville"
840,"52","146","Emden",1,31,22,1,1,2716,"emden"
840,"52","147","AUBURN",1,31,22,1,1,2717,"auburn"
840,"52","148","HARRISONVILLE",1,33,22,1,1,2718,"harrisonville"
840,"52","149","LINCOLN",1,19,24,1,1,2719,"lincoln"
840,"52","150","EUGENE",1,19,24,1,1,2720,"eugene"
840,"52","151","GERALD",1,19,22,1,1,2721,"gerald"
840,"52","152","HOUSE SPRINGS",1,19,22,1,1,2722,"house springs"
840,"52","153","MILFORD",1,33,22,1,1,2723,"milford"
840,"52","154","MILLER",1,33,24,1,1,2724,"miller"
840,"52","155","RICHLAND",1,19,24,1,1,2725,"richland"
840,"52","156","VIBURNUM",1,19,24,1,1,2726,"viburnum"
840,"52","157","DOE RUN",1,19,24,1,1,2727,"doe run"
840,"52","158","BLODGETT",1,5,26,1,1,2728,"blodgett"
840,"52","159","DIAMOND",1,33,24,1,1,2729,"diamond"
840,"52","160","MINCY",1,19,24,1,1,2730,"mincy"
840,"52","161","RUETER",0,19,24,1,1,2731,"rueter"
840,"52","162","WEST PLAINS",1,19,24,1,1,2732,"west plains"
840,"52","163","KENNETT",1,5,26,1,1,2733,"kennett"
840,"52","164","HAYTI",1,5,26,1,1,2734,"hayti"
840,"52","261","RUETER 2",1,19,24,1,1,2737,"rueter 2"
840,"53","231","FLATWILLOW 3",0,39,17,1,1,2802,"flatwillow 3"
840,"53","300","EUREKA",1,64,10,1,1,2803,"eureka"
840,"53","301","WHITEFISH LAKE",1,64,10,1,1,2804,"whitefish lake"
840,"53","302","EAST GLACIER PARK",1,65,10,1,1,2805,"east glacier park"
840,"53","303","HEART BUTTE",1,65,10,1,1,2806,"heart butte"
840,"53","304","SHELBY",1,38,11,1,1,2807,"shelby"
840,"53","305","GILDFORD",1,38,11,1,1,2808,"gildford"
840,"53","306","CHINOOK",1,38,11,1,1,2809,"chinook"
840,"53","307","ESTER LAKE",1,38,11,1,1,2810,"ester lake"
840,"53","308","SACO",1,38,11,1,1,2811,"saco"
840,"53","309","GLENTANA",1,38,11,1,1,2812,"glentana"
840,"53","310","WOLF POINT",1,39,11,1,1,2813,"wolf point"
840,"53","311","WESTBY",1,38,11,1,1,2814,"westby"
840,"53","312","SWAN LAKE",1,64,10,1,1,2815,"swan lake"
840,"53","313","WOLF CREEK",1,65,10,1,1,2816,"wolf creek"
840,"53","314","SUN RIVER",1,39,11,1,1,2817,"sun river"
840,"53","315","RAYNESFORD",1,65,10,1,1,2818,"raynesford"
840,"53","316","WINIFRED",0,39,17,1,1,2819,"winifred"
840,"53","317","WINNETT",1,39,17,1,1,2820,"winnett"
840,"53","318","JORDAN SOUTH",1,39,17,1,1,2821,"jordan south"
840,"53","319","DINOSAURS H.M.",1,39,17,1,1,2822,"dinosaurs h m"
840,"53","320","LINDSAY",1,39,17,1,1,2823,"lindsay"
840,"53","321","LAMBERT",1,39,11,1,1,2824,"lambert"
840,"53","322","PHILIPSBURG",1,64,10,1,1,2825,"philipsburg"
840,"53","323","CLANCY",1,65,10,1,1,2826,"clancy"
840,"53","324","FREEMAN CREEK",0,65,10,1,1,2827,"freeman creek"
840,"53","325","PAGIL GULCH",1,65,10,1,1,2828,"pagil gulch"
840,"53","326","MAYNARD COULEE",1,39,17,1,1,2829,"maynard coulee"
840,"53","327","ROUNDUP",1,39,17,1,1,2830,"roundup"
840,"53","328","CUSTER",0,39,17,1,1,2831,"custer"
840,"53","329","COLEMAN COULEE",1,39,17,1,1,2832,"coleman coulee"
840,"53","330","MILES CITY",1,39,17,1,1,2833,"miles city"
840,"53","331","CABIN CREEK",1,39,17,1,1,2834,"cabin creek"
840,"53","332","BRUNZELL SLOUGH",1,65,10,1,1,2835,"brunzell slough"
840,"53","333","Church Hill",1,65,10,1,1,2836,"church hill"
840,"53","334","CLYDE PARK",1,65,10,1,1,2837,"clyde park"
840,"53","335","WHEAT BASIN",1,39,17,1,1,2838,"wheat basin"
840,"53","336","MUDDY CREEK",1,64,10,1,1,2839,"muddy creek"
840,"53","337","WYOLA",1,39,17,1,1,2840,"wyola"
840,"53","338","LAME DEER",1,39,17,1,1,2841,"lame deer"
840,"53","339","CHUFFEY SPRING",1,39,17,1,1,2842,"chuffey spring"
840,"53","340","HEHN DRAW",1,39,17,1,1,2843,"hehn draw"
840,"53","341","HEBGEN LAKE",1,64,10,1,1,2844,"hebgen lake"
840,"53","416","Winifred 2",1,39,17,1,1,2845,"winifred 2"
840,"53","424","Fort Logan",1,65,10,1,1,2846,"fort logan"
840,"53","428","Custer 2",1,39,17,1,1,2847,"custer 2"
840,"53","956","GREENOAGH 3",1,65,10,1,2,2859,"greenoagh 3"
840,"54","203","LIBERTY 3",1,32,19,1,1,2910,"liberty 3"
840,"54","219","BERWYN 2",1,34,19,1,1,2911,"berwyn 2"
840,"54","300","MARSLAND",1,36,18,1,1,2912,"marsland"
840,"54","301","HAY SPRINGS",1,36,18,1,1,2913,"hay springs"
840,"54","302","NENZEL",1,36,19,1,1,2914,"nenzel"
840,"54","303","CROOKSTON",1,36,17,1,1,2915,"crookston"
840,"54","304","BASSETT",1,36,19,1,1,2916,"bassett"
840,"54","305","CHAMBERS",1,36,19,1,1,2917,"chambers"
840,"54","306","TILDEN",1,34,11,1,1,2918,"tilden"
840,"54","307","PONCA",1,32,11,1,1,2919,"ponca"
840,"54","308","BROWNSON",1,36,18,1,1,2920,"brownson"
840,"54","309","OSHKOSH",1,36,18,1,1,2921,"oshkosh"
840,"54","310","SUTHERLAND",1,36,19,1,1,2922,"sutherland"
840,"54","311","MAXWELL",1,36,19,1,1,2923,"maxwell"
840,"54","312","SARGENT",1,34,19,1,1,2924,"sargent"
840,"54","313","BOELUS",1,34,19,1,1,2925,"boelus"
840,"54","314","MADISON",1,34,11,1,1,2926,"madison"
840,"54","315","LYONS",1,32,22,1,1,2927,"lyons"
840,"54","316","CHAMPION",1,36,18,1,1,2928,"champion"
840,"54","317","CULBERTSON",1,34,19,1,1,2929,"culbertson"
840,"54","318","HENDLEY",1,34,19,1,1,2930,"hendley"
840,"54","319","RED CLOUD",1,34,19,1,1,2931,"red cloud"
840,"54","320","HAMPTON",1,34,19,1,1,2932,"hampton"
840,"54","321","MURDOCK",1,32,22,1,1,2933,"murdock"
840,"54","322","HUMBOLDT",1,32,22,1,1,2934,"humboldt"
840,"55","046","Charleston Reservoir",1,88,9,1,1,2972,"charleston reservoir"
840,"55","119","GARDNERVILLE 2",1,88,9,1,1,2977,"gardnerville 2"
840,"55","208","MILL CITY",0,88,9,1,1,2985,"mill city"
840,"55","308","Mill City 2",1,88,9,1,1,2986,"mill city 2"
124,"56","001","GREEN RIVER",0,29,14,1,1,2997,"green river"
124,"56","002","LAC BAKER",1,28,14,1,1,2998,"lac baker"
124,"56","003","VAL LAMBERT",0,28,14,1,1,2999,"val lambert"
124,"56","005","GRAND FALLS",0,28,14,1,1,3000,"grand falls"
124,"56","006","MENNEVAL",0,28,14,1,1,3001,"menneval"
124,"56","007","KEDGEWICK RIVER",1,29,14,1,1,3002,"kedgewick river"
124,"56","008","NICTAU",1,28,14,1,1,3003,"nictau"
124,"56","009","NEPISIGUIT",1,29,14,1,1,3004,"nepisiguit"
124,"56","010","BALMORAL",0,28,14,1,1,3005,"balmoral"
124,"56","013","ESCUMINAC",1,28,14,1,1,3006,"escuminac"
124,"56","014","PAQUETVILLE",1,28,14,1,1,3007,"paquetville"
124,"56","015","LAUVERGOT",1,28,14,1,1,3008,"lauvergot"
124,"56","016","SHIPPIGAN",0,28,14,1,1,3009,"shippigan"
124,"56","017","PLASTER ROCK",0,28,14,1,1,3010,"plaster rock"
124,"56","018","CLOVERDALE",1,27,14,1,1,3011,"cloverdale"
124,"56","019","DEERSDALE",1,27,14,1,1,3012,"deersdale"
124,"56","021","NAPADOGAN",1,28,14,1,1,3013,"napadogan"
124,"56","022","MINTO",1,28,14,1,1,3014,"minto"
124,"56","023","DUNGARVON RIVER",0,28,14,1,1,3015,"dungarvon river"
124,"56","024","HOLTVILLE",1,28,14,1,1,3016,"holtville"
124,"56","025","BLACKVILLE",1,28,14,1,1,3017,"blackville"
124,"56","026","RED BANK",1,28,14,1,1,3018,"red bank"
124,"56","029","RICHIBUCTO",0,28,14,1,1,3019,"richibucto"
124,"56","030","FONTAINE",0,28,14,1,1,3020,"fontaine"
124,"56","031","JOLICURE",1,28,14,1,1,3021,"jolicure"
124,"56","032","ALBERT",0,28,14,1,1,3022,"albert"
124,"56","033","OAK HILL",1,28,14,1,1,3023,"oak hill"
124,"56","034","MCADAM",1,28,14,1,1,3024,"mcadam"
124,"56","036","GRAND MANAN",1,28,14,1,1,3025,"grand manan"
124,"56","037","JEMSEG",1,28,14,1,1,3026,"jemseg"
124,"56","038","PENNFIELD RG",1,28,14,1,1,3027,"pennfield rg"
124,"56","039","SAINT JOHN",0,28,14,1,1,3028,"saint john"
124,"56","040","MCDOUGALL LAKE",1,28,14,1,1,3029,"mcdougall lake"
124,"56","041","HAMPTON",1,28,14,1,1,3030,"hampton"
124,"56","042","PENOBSQUIS",1,28,14,1,1,3031,"penobsquis"
124,"56","044","WASHADEMOAK",0,28,14,1,1,3032,"washademoak"
124,"56","101","HALFWAY DEPOT",1,29,14,1,1,3033,"halfway depot"
124,"56","105","ST. ANDRE",1,28,14,1,1,3034,"st andre"
124,"56","110","BENJAMIN RIVER",0,28,14,1,1,3035,"benjamin river"
124,"56","116","LAMÈQUE",1,28,14,1,1,3036,"lamï¿½que"
124,"56","117","WAPSKE",0,28,14,1,1,3037,"wapske"
124,"56","123","SHAKEY LAKE",1,28,14,1,1,3038,"shakey lake"
124,"56","125","New Canaan",1,28,14,1,1,3039,"new canaan"
124,"56","129","REXTON",1,28,14,1,1,3040,"rexton"
124,"56","131","Shemogue",1,28,14,1,1,3041,"shemogue"
124,"56","132","Rosevale",1,28,14,1,1,3042,"rosevale"
124,"56","137","MAQUAPIT LAKE",1,28,14,1,1,3043,"maquapit lake"
124,"56","144","Cambridge-Narrows",1,28,14,1,1,3044,"cambridge narrows"
124,"56","217","Longley",0,28,14,1,1,3045,"longley"
124,"56","317","McLaughlin",1,28,14,1,1,3046,"mclaughlin"
124,"57","001","TREPASSEY",1,29,8,1,1,3047,"trepassey"
124,"57","002","LAWN",0,29,8,1,1,3048,"lawn"
124,"57","003","ST JOHN'S",1,29,8,1,1,3049,"st john s"
124,"57","004","HEART'S DELIGHT",1,29,8,1,1,3050,"heart s delight"
124,"57","005","HARBOUR MILLE",0,29,8,1,1,3051,"harbour mille"
124,"57","006","GRAND BANK",1,29,8,1,1,3052,"grand bank"
124,"57","008","BURGEO SO",1,29,8,1,1,3053,"burgeo so"
124,"57","009","SHEAVES COVE",1,29,8,1,1,3054,"sheaves cove"
124,"57","010","O'REGANS",1,29,8,1,1,3055,"o regans"
124,"57","011","BONAVISTA",1,29,8,1,1,3056,"bonavista"
124,"57","012","TERRA NOVA",1,29,8,1,1,3057,"terra nova"
124,"57","013","NW GANDER RIVER",1,29,8,1,1,3058,"nw gander river"
124,"57","014","BUCHANS",1,29,8,1,1,3059,"buchans"
124,"57","015","BURGEO ROAD",1,29,8,1,1,3060,"burgeo road"
124,"57","016","ST DAVIDS",1,29,8,1,1,3061,"st davids"
124,"57","017","WAREHAM",0,29,8,1,1,3062,"wareham"
124,"57","018","GANDER BAY",1,29,8,1,1,3063,"gander bay"
124,"57","019","NORTHERN ARM",1,29,8,1,1,3064,"northern arm"
124,"57","020","BURLINGTON",1,29,8,1,1,3065,"burlington"
124,"57","021","ST PAULS",1,29,8,1,1,3066,"st pauls"
124,"57","022","RODDICKTON",1,25,8,1,1,3067,"roddickton"
124,"57","023","PORT SAUNDERS",0,29,8,1,1,3068,"port saunders"
124,"57","024","ST ANTHONY",1,25,8,1,1,3069,"st anthony"
124,"57","025","BIG BROOK",0,25,8,1,1,3070,"big brook"
124,"57","026","L'Anse-au-Loup",1,25,8,1,1,3071,"l anse au loup"
124,"57","027","Port Hope Simpson",1,25,8,1,1,3072,"port hope simpson"
124,"57","028","Charlottetown",1,29,8,1,1,3073,"charlottetown"
124,"57","030","Cartwright Junction",1,29,8,1,1,3074,"cartwright junction"
124,"57","032","Ushkau-nipi",1,29,7,1,1,3075,"ushkau nipi"
124,"57","033","Kapapatuetik",1,29,7,1,1,3076,"kapapatuetik"
124,"57","035","Goose Bay",1,29,8,1,1,3077,"goose bay"
124,"57","036","HAPPY VALLEY",1,29,8,1,1,3078,"happy valley"
124,"57","037","OSSOK",0,25,7,1,1,3079,"ossok"
124,"57","038","WHITE HILLS ROAD",0,25,8,1,1,3080,"white hills road"
124,"57","039","ORMA ROAD",1,25,7,1,1,3081,"orma road"
124,"57","040","CHURCHILL FALLS",0,25,7,1,1,3082,"churchill falls"
124,"57","041","Labrador City",1,25,7,1,1,3083,"labrador city"
124,"57","042","BOB'S BROOK",1,25,8,1,1,3084,"bob s brook"
124,"57","043","TransLabHWY",1,29,7,1,1,3085,"translabhwy"
124,"57","044","Main Wilson River",1,25,7,1,1,3086,"main wilson river"
124,"57","045","Misty Lake",1,25,7,1,1,3087,"misty lake"
124,"57","046","Portage River",1,25,7,1,1,3088,"portage river"
124,"57","102","Lords Cove",1,29,8,1,1,3089,"lords cove"
124,"57","105","BAY L'ARGENT",1,29,8,1,1,3090,"bay l argent"
124,"57","117","TEMPLEMAN",1,29,8,1,1,3091,"templeman"
124,"57","120","Scab Cove",1,29,8,1,1,3092,"scab cove"
124,"57","121","WOODY POINT",1,29,8,1,1,3093,"woody point"
124,"57","125","FLOWERS COVE",1,25,8,1,1,3094,"flowers cove"
124,"57","137","Raft River",1,25,7,1,1,3095,"raft river"
124,"57","138","PARADISE RIVER",1,29,8,1,1,3096,"paradise river"
124,"57","225","Red Bay",1,25,8,1,1,3097,"red bay"
124,"57","919","CLODE SOUND",0,29,8,1,2,3098,"clode sound"
124,"57","921","TROUT RIVER",0,29,8,1,2,3099,"trout river"
840,"58","121","DIXVILLE NOTCH 2",1,28,14,1,1,3125,"dixville notch 2"
840,"59","034","ESTELL MANOR",1,4,30,1,1,3159,"estell manor"
840,"60","011","WAGON MOUND",0,87,18,1,1,3181,"wagon mound"
840,"60","083","Newcomb",0,87,16,1,1,3234,"newcomb"
840,"60","084","Sanostee",1,87,16,1,1,3235,"sanostee"
840,"61","187","Inlet 2",1,26,14,1,1,3382,"inlet 2"
124,"62","016","MAGUSE",1,99,3,1,1,3389,"maguse"
124,"62","049","MEADOWBANK MINE",1,99,3,1,1,3390,"meadowbank mine"
124,"62","091","WHALE TAIL MINE",1,99,3,1,1,3391,"whale tail mine"
124,"62","901","HAZEN LAKE W",1,99,3,1,2,3392,"hazen lake w"
124,"62","902","HAZEN LAKE E",1,99,3,1,2,3393,"hazen lake e"
124,"62","903","MACDONALD RIVER",1,99,3,1,2,3394,"macdonald river"
124,"62","904","ROLLROCK DELTA",1,99,3,1,2,3395,"rollrock delta"
840,"64","113","BOWESMONT 2",1,40,11,1,1,3555,"bowesmont 2"
840,"64","127","ABERCROMBIE 2",1,40,11,1,1,3558,"abercrombie 2"
124,"65","001","MABOU",1,28,14,1,1,3560,"mabou"
124,"65","002","CAPE NORTH",1,28,14,1,1,3561,"cape north"
124,"65","003","PLEASANT BAY",1,28,14,1,1,3562,"pleasant bay"
124,"65","005","PT MICHAUD",1,28,14,1,1,3563,"pt michaud"
124,"65","006","LOCH LOMOND",1,28,14,1,1,3564,"loch lomond"
124,"65","007","BOISDALE",1,28,14,1,1,3565,"boisdale"
124,"65","008","MIRA GUT",1,28,14,1,1,3566,"mira gut"
124,"65","009","ROMAN VALLEY",1,28,14,1,1,3567,"roman valley"
124,"65","011","LARRY'S RIVER",1,28,14,1,1,3568,"larry s river"
124,"65","013","TRAFALGAR",1,28,14,1,1,3569,"trafalgar"
124,"65","014","JAMES RIVER",1,28,14,1,1,3570,"james river"
124,"65","015","Crows Nest",1,28,14,1,1,3571,"crows nest"
124,"65","017","STEWIACKE",0,28,14,1,1,3572,"stewiacke"
124,"65","018","TATAMAGOUCHE",1,28,14,1,1,3573,"tatamagouche"
124,"65","019","LONDONDERRY",1,28,14,1,1,3574,"londonderry"
124,"65","020","OXFORD",1,28,14,1,1,3575,"oxford"
124,"65","021","N KINGSTON",1,28,14,1,1,3576,"n kingston"
124,"65","022","AMHERST",1,28,14,1,1,3577,"amherst"
124,"65","023","JOGGINS",1,28,14,1,1,3578,"joggins"
124,"65","025","PEGGY'S COVE",0,28,14,1,1,3579,"peggy s cove"
124,"65","026","BEAVERBANK",0,28,14,1,1,3580,"beaverbank"
124,"65","027","SHEET HARBOR",1,28,14,1,1,3581,"sheet harbor"
124,"65","028","GOFFS",1,28,14,1,1,3582,"goffs"
124,"65","029","GASPEREAU LAKE",0,28,14,1,1,3583,"gaspereau lake"
124,"65","030","CHESTER",0,28,14,1,1,3584,"chester"
124,"65","031","WALDEN",1,28,14,1,1,3585,"walden"
124,"65","032","Cape St Mary's",1,28,14,1,1,3586,"cape st mary s"
124,"65","033","BRIDGETOWN",1,28,14,1,1,3587,"bridgetown"
124,"65","034","DIGBY NECK",1,28,14,1,1,3588,"digby neck"
124,"65","035","RICHFIELD",1,28,14,1,1,3589,"richfield"
124,"65","036","KEJIMKUJIK",1,28,14,1,1,3590,"kejimkujik"
124,"65","037","SHELBURNE",1,28,14,1,1,3591,"shelburne"
124,"65","038","BARRINGTON",1,28,14,1,1,3592,"barrington"
124,"65","039","UPPER MUSQUODOBOIT",1,28,14,1,1,3593,"upper musquodoboit"
124,"65","040","Port Maitland",1,28,14,1,1,3594,"port maitland"
124,"65","041","COMEAUS HILL",1,28,14,1,1,3595,"comeaus hill"
124,"65","117","SHUBENACADIE",1,28,14,1,1,3596,"shubenacadie"
124,"65","126","Mount Uniacke",1,28,14,1,1,3597,"mount uniacke"
124,"65","129","LAKE TORMENT",1,28,14,1,1,3598,"lake torment"
124,"65","130","DEAN CHAPTER",1,28,14,1,1,3599,"dean chapter"
124,"65","228","Musquodoboit Harbour",1,28,14,1,1,3600,"musquodoboit harbour"
124,"68","001","DUNNVILLE",0,16,13,1,1,3761,"dunnville"
124,"68","002","PORT DOVER",1,16,13,1,1,3762,"port dover"
124,"68","003","LONDON",0,16,13,1,1,3763,"london"
124,"68","004","KINGSVILLE",1,16,13,1,1,3764,"kingsville"
124,"68","005","PALGRAVE",1,18,13,1,1,3765,"palgrave"
124,"68","006","STREETSVILLE",0,18,13,1,1,3766,"streetsville"
124,"68","007","STRATFORD",1,16,13,1,1,3767,"stratford"
124,"68","008","LISTOWEL",1,18,13,1,1,3768,"listowel"
124,"68","009","GODERICH",1,16,13,1,1,3769,"goderich"
124,"68","010","AUBURN",1,18,13,1,1,3770,"auburn"
124,"68","011","KEMPTVILLE",1,18,13,1,1,3771,"kemptville"
124,"68","012","ODESSA",1,18,13,1,1,3772,"odessa"
124,"68","013","PERTH",0,18,13,1,1,3773,"perth"
124,"68","014","PICTON",1,18,13,1,1,3774,"picton"
124,"68","015","ROBLIN",1,18,13,1,1,3775,"roblin"
124,"68","016","FRASERVILLE",0,18,13,1,1,3776,"fraserville"
124,"68","017","MOUNT JULIAN",0,18,13,1,1,3777,"mount julian"
124,"68","018","ORILLIA",1,18,13,1,1,3778,"orillia"
124,"68","019","PORT BOLSTER",0,18,13,1,1,3779,"port bolster"
124,"68","020","WOODFORD",1,18,13,1,1,3780,"woodford"
124,"68","021","FLESHERTON",0,18,13,1,1,3781,"flesherton"
124,"68","022","PAISLEY",1,18,13,1,1,3782,"paisley"
124,"68","023","AVONMORE",0,18,13,1,1,3783,"avonmore"
124,"68","024","BOURGET",0,18,13,1,1,3784,"bourget"
124,"68","025","COBDEN",0,18,13,1,1,3785,"cobden"
124,"68","026","BARRY'S BAY",1,28,12,1,1,3786,"barry s bay"
124,"68","027","DORSET",0,28,12,1,1,3787,"dorset"
124,"68","028","GORDON BAY",1,28,12,1,1,3788,"gordon bay"
124,"68","029","SARNIA",1,16,13,1,1,3789,"sarnia"
124,"68","030","DRYDEN",0,29,12,1,1,3790,"dryden"
124,"68","031","EAGLE RIVER",0,29,12,1,1,3791,"eagle river"
124,"68","032","ATIKOKAN",0,28,12,1,1,3792,"atikokan"
124,"68","033","SWASTIKA",0,29,12,1,1,3793,"swastika"
124,"68","034","SUOMI",1,28,12,1,1,3794,"suomi"
124,"68","035","THUNDER BAY",1,28,12,1,1,3795,"thunder bay"
124,"68","036","SILVER ISLET",1,29,8,1,1,3796,"silver islet"
124,"68","037","MANITOWANING",1,28,13,1,1,3797,"manitowaning"
124,"68","038","BYNG INLET",0,28,12,1,1,3798,"byng inlet"
124,"68","039","NORTH BAY",1,28,12,1,1,3799,"north bay"
124,"68","040","OUELLETTE",0,28,12,1,1,3800,"ouellette"
124,"68","041","SUDBURY",0,28,12,1,1,3801,"sudbury"
124,"68","042","THESSALON",0,28,12,1,1,3802,"thessalon"
124,"68","043","HEARST",1,29,8,1,1,3803,"hearst"
124,"68","044","LARDER LAKE",1,29,12,1,1,3804,"larder lake"
124,"68","045","MATTAWA",1,28,12,1,1,3805,"mattawa"
124,"68","046","NIPIGON",1,29,8,1,1,3806,"nipigon"
124,"68","047","HAILEYBURY",1,28,12,1,1,3807,"haileybury"
124,"68","048","ELK LAKE",1,28,12,1,1,3808,"elk lake"
124,"68","049","MASSEY",1,28,12,1,1,3809,"massey"
124,"68","050","EGANVILLE",1,28,12,1,1,3810,"eganville"
124,"68","051","WHITNEY",1,28,12,1,1,3811,"whitney"
124,"68","052","PORT CARLING",1,28,12,1,1,3812,"port carling"
124,"68","053","FORT FRANCES",1,28,12,1,1,3813,"fort frances"
124,"68","054","KENORA",1,28,12,1,1,3814,"kenora"
124,"68","055","SYDNEY LAKE",1,29,8,1,1,3815,"sydney lake"
124,"68","056","IGNACE",1,29,12,1,1,3816,"ignace"
124,"68","057","KINCARDINE",1,18,13,1,1,3817,"kincardine"
124,"68","058","GORE BAY",1,28,13,1,1,3818,"gore bay"
124,"68","059","S STE MARIE",1,28,12,1,1,3819,"s ste marie"
124,"68","060","LONGLAC",0,29,8,1,1,3820,"longlac"
124,"68","061","MANITOUWADGE",1,29,8,1,1,3821,"manitouwadge"
124,"68","062","WAWA",0,29,8,1,1,3822,"wawa"
124,"68","063","MONTREAL FALLS",0,28,12,1,1,3823,"montreal falls"
124,"68","064","SMOOTH ROCK",1,29,8,1,1,3824,"smooth rock"
124,"68","065","FARRINGTON",1,28,12,1,1,3825,"farrington"
124,"68","066","STRATTON",1,28,12,1,1,3826,"stratton"
124,"68","067","KAPUSKASING",1,29,8,1,1,3827,"kapuskasing"
124,"68","068","HORNEPAYNE",1,29,8,1,1,3828,"hornepayne"
124,"68","069","JELLICOE",0,29,8,1,1,3829,"jellicoe"
124,"68","071","TEEPEE CREEK",1,29,8,1,1,3830,"teepee creek"
124,"68","072","WHITE RIVER",1,29,8,1,1,3831,"white river"
124,"68","073","FOLEYET",0,29,12,1,1,3832,"foleyet"
124,"68","074","TIMMINS",0,29,8,1,1,3833,"timmins"
124,"68","075","CHAPLEAU",0,29,12,1,1,3834,"chapleau"
124,"68","076","SULTAN",1,29,12,1,1,3835,"sultan"
124,"68","077","GOGAMA",0,29,12,1,1,3836,"gogama"
124,"68","078","MARATHON",0,29,8,1,1,3837,"marathon"
124,"68","079","MILLIDGE",1,29,8,1,1,3838,"millidge"
124,"68","080","COCHRANE",1,29,8,1,1,3839,"cochrane"
124,"68","081","NATTAWA FALLS",1,29,8,1,1,3840,"nattawa falls"
124,"68","082","Kabika Lake",1,29,8,1,1,3841,"kabika lake"
124,"68","083","MAYHEW",1,18,12,1,1,3842,"mayhew"
124,"68","084","MISSANABIE",0,29,8,1,1,3843,"missanabie"
124,"68","090","Windigo Lake",1,29,8,1,1,3844,"windigo lake"
124,"68","091","MENAKO LAKES",1,29,8,1,1,3845,"menako lakes"
124,"68","092","BERENS LAKE",1,29,8,1,1,3846,"berens lake"
124,"68","093","OGOKI",1,18,13,1,1,3847,"ogoki"
124,"68","101","BYNG",1,16,13,1,1,3848,"byng"
124,"68","106","Terra Cotta",1,18,13,1,1,3849,"terra cotta"
124,"68","113","GLEN TAY",1,18,13,1,1,3850,"glen tay"
124,"68","114","Woodville",0,18,13,1,1,3851,"woodville"
124,"68","116","Carmel",0,18,13,1,1,3852,"carmel"
124,"68","117","BIRDSALL",1,18,13,1,1,3853,"birdsall"
124,"68","119","WILFRID",1,18,13,1,1,3854,"wilfrid"
124,"68","121","ROCK MILLS",1,18,13,1,1,3855,"rock mills"
124,"68","123","Tayside",1,18,13,1,1,3856,"tayside"
124,"68","125","MEATH",1,18,13,1,1,3857,"meath"
124,"68","126","Barron Canyon",1,28,12,1,1,3858,"barron canyon"
124,"68","127","DWIGHT",1,28,12,1,1,3859,"dwight"
124,"68","129","Beaver Meadow",0,16,13,1,1,3860,"beaver meadow"
124,"68","130","DINORWIC",0,28,12,1,1,3861,"dinorwic"
124,"68","131","EAGLE R-WALDHOF",1,29,12,1,1,3862,"eagle r waldhof"
124,"68","132","Rawn Reservoir",1,28,12,1,1,3863,"rawn reservoir"
124,"68","141","VERMILLION",1,28,12,1,1,3864,"vermillion"
124,"68","142","LITTLE RAPID",0,28,12,1,1,3865,"little rapid"
124,"68","143","RANGER LAKE",1,28,12,1,1,3866,"ranger lake"
124,"68","144","IRON BRIDGE",1,28,12,1,1,3867,"iron bridge"
124,"68","160","BLUEBERRY",1,29,8,1,1,3868,"blueberry"
124,"68","162","Hawk Junction",1,29,8,1,1,3869,"hawk junction"
124,"68","167","Pearce Lake",1,29,8,1,1,3870,"pearce lake"
124,"68","173","OSWALD CREEK",0,29,12,1,1,3871,"oswald creek"
124,"68","174","KAMISKOTIA",1,29,8,1,1,3872,"kamiskotia"
124,"68","175","THE SHOALS",1,29,12,1,1,3873,"the shoals"
124,"68","178","NEYS",1,29,8,1,1,3874,"neys"
124,"68","180","Lower Tweed Lake",1,29,8,1,1,3875,"lower tweed lake"
124,"68","184","Racine Lake",1,29,12,1,1,3876,"racine lake"
124,"68","191","Opapimiskan Lake",1,29,8,1,1,3877,"opapimiskan lake"
124,"68","201","WELLAND",0,16,13,1,1,3878,"welland"
124,"68","202","SPRINGFIELD",1,16,13,1,1,3879,"springfield"
124,"68","203","STRATHROY",1,16,13,1,1,3880,"strathroy"
124,"68","204","KENT BRIDGE",1,16,13,1,1,3881,"kent bridge"
124,"68","206","SILVER CREEK",0,18,13,1,1,3882,"silver creek"
124,"68","207","BRANTFORD",1,16,13,1,1,3883,"brantford"
124,"68","208","W. MONTROSE",1,18,13,1,1,3884,"w montrose"
124,"68","209","CARLINGFORD",1,16,13,1,1,3885,"carlingford"
124,"68","210","JAMESTOWN",1,18,13,1,1,3886,"jamestown"
124,"68","211","EASTONS CORNERS",1,18,13,1,1,3887,"eastons corners"
124,"68","212","GODFREY",0,18,12,1,1,3888,"godfrey"
124,"68","213","MABERLY",1,28,12,1,1,3889,"maberly"
124,"68","214","MOIRA",1,18,13,1,1,3890,"moira"
124,"68","215","GUNTER",1,18,12,1,1,3891,"gunter"
124,"68","216","BELLEVILLE",1,18,13,1,1,3892,"belleville"
124,"68","217","LASSWADE",1,18,12,1,1,3893,"lasswade"
124,"68","218","TORRANCE",1,18,12,1,1,3894,"torrance"
124,"68","219","HOCKLEY",1,18,13,1,1,3895,"hockley"
124,"68","220","SUNNIDALE CO",1,18,13,1,1,3896,"sunnidale co"
124,"68","222","HOPEVILLE",1,18,13,1,1,3897,"hopeville"
124,"68","223","ST.-EUGENE",1,18,13,1,1,3898,"st eugene"
124,"68","224","W. OSGOODE",1,18,13,1,1,3899,"w osgoode"
124,"68","225","KINBURN",1,18,13,1,1,3900,"kinburn"
124,"68","226","PETAWAWA",1,28,12,1,1,3901,"petawawa"
124,"68","227","PHILIP DEPOT",0,28,12,1,1,3902,"philip depot"
124,"68","228","SAND LAKE",1,28,12,1,1,3903,"sand lake"
124,"68","229","Bickford",0,16,13,1,1,3904,"bickford"
124,"68","230","BUTLER LAKE",0,28,12,1,1,3905,"butler lake"
124,"68","231","BARREN BROOK",1,28,12,1,1,3906,"barren brook"
124,"68","232","SAPAWE",1,28,12,1,1,3907,"sapawe"
124,"68","233","DUGWAL",1,29,8,1,1,3908,"dugwal"
124,"68","234","SHEBANDOWAN",1,29,12,1,1,3909,"shebandowan"
124,"68","235","NOLALU",1,28,12,1,1,3910,"nolalu"
124,"68","236","WOLF LAKE",0,29,8,1,1,3911,"wolf lake"
124,"68","237","BATWING LAKE",1,28,12,1,1,3912,"batwing lake"
124,"68","238","SHAWANAGA",1,28,12,1,1,3913,"shawanaga"
124,"68","239","TEMISKAMING",0,28,12,1,1,3914,"temiskaming"
124,"68","240","SKEAD",1,28,12,1,1,3915,"skead"
124,"68","241","CARTIER",0,28,12,1,1,3916,"cartier"
124,"68","242","WHITEFISH",1,28,12,1,1,3917,"whitefish"
124,"68","243","MCKERROW",0,28,12,1,1,3918,"mckerrow"
124,"68","244","RIVER VALLEY",1,28,12,1,1,3919,"river valley"
124,"68","245","ST. CHARLES",1,28,12,1,1,3920,"st charles"
124,"68","246","BLACK STURGEON",1,29,8,1,1,3921,"black sturgeon"
124,"68","247","HILLIARDTON",1,28,12,1,1,3922,"hilliardton"
124,"68","248","MATACHEWAN",0,28,12,1,1,3923,"matachewan"
124,"68","249","ELLIOT LAKE",1,28,12,1,1,3924,"elliot lake"
124,"68","250","MCARTHUR MILL",1,28,12,1,1,3925,"mcarthur mill"
124,"68","251","HALIBURTON",1,28,12,1,1,3926,"haliburton"
124,"68","252","BAYSVILLE",1,28,12,1,1,3927,"baysville"
124,"68","253","NICKEL LAKE",1,28,12,1,1,3928,"nickel lake"
124,"68","254","LACLU",1,29,12,1,1,3929,"laclu"
124,"68","255","HICKS LAKE",1,29,8,1,1,3930,"hicks lake"
124,"68","256","SILVER DOLLAR",1,29,8,1,1,3931,"silver dollar"
124,"68","257","SCHRIEBER",0,29,8,1,1,3932,"schrieber"
124,"68","258","BEATON LAKE",0,29,8,1,1,3933,"beaton lake"
124,"68","259","GOLDIE LAKE",1,29,8,1,1,3934,"goldie lake"
124,"68","260","GERALDTON",0,29,8,1,1,3935,"geraldton"
124,"68","261","KLOTZ LAKE",1,29,8,1,1,3936,"klotz lake"
124,"68","262","AGAWA BAY",0,28,12,1,1,3937,"agawa bay"
124,"68","263","GORDON LAKE ROAD",1,29,12,1,1,3938,"gordon lake road"
124,"68","264","BIG SANDY L.",1,29,12,1,1,3939,"big sandy l"
124,"68","265","UPSALA",1,29,8,1,1,3940,"upsala"
124,"68","266","WAWANG LAKE",1,29,8,1,1,3941,"wawang lake"
124,"68","267","SPARKLING L.",1,29,8,1,1,3942,"sparkling l"
124,"68","268","CALSTOCK",1,29,8,1,1,3943,"calstock"
124,"68","269","STURGEON R.",1,29,8,1,1,3944,"sturgeon r"
124,"68","270","GILLARD LAKE",0,29,8,1,1,3945,"gillard lake"
124,"68","271","POSHKOKAGON",1,29,8,1,1,3946,"poshkokagon"
124,"68","272","GULL RIV. RS",1,29,8,1,1,3947,"gull riv rs"
124,"68","273","BANKFIELD",1,29,8,1,1,3948,"bankfield"
124,"68","274","KEEFER LAKE",1,29,12,1,1,3949,"keefer lake"
124,"68","275","CARAMAT",1,29,8,1,1,3950,"caramat"
124,"68","276","HILLSPORT",1,29,8,1,1,3951,"hillsport"
124,"68","277","SHINING TREE",1,29,12,1,1,3952,"shining tree"
124,"68","278","KATODAWA LK",0,29,12,1,1,3953,"katodawa lk"
124,"68","279","OBA",0,29,8,1,1,3954,"oba"
124,"68","280","GRASSY NRRWS",0,29,8,1,1,3955,"grassy nrrws"
124,"68","281","C. ROBINSON",1,29,8,1,1,3956,"c robinson"
124,"68","282","EAR FALLS",1,29,8,1,1,3957,"ear falls"
124,"68","283","SNAKE FALLS",1,29,8,1,1,3958,"snake falls"
124,"68","284","SAVANT LAKE",1,29,8,1,1,3959,"savant lake"
124,"68","285","CROMBIE LAKE",0,29,8,1,1,3960,"crombie lake"
124,"68","286","WAGAMING",0,29,8,1,1,3961,"wagaming"
124,"68","287","HANOVER LAKE",1,29,8,1,1,3962,"hanover lake"
124,"68","288","NAKINA",1,29,8,1,1,3963,"nakina"
124,"68","289","CNT PATRICIA",1,29,8,1,1,3964,"cnt patricia"
124,"68","290","JULY FALLS",1,29,8,1,1,3965,"july falls"
124,"68","291","SUNSHINE",1,29,12,1,1,3966,"sunshine"
124,"68","292","RAMSEY",0,29,12,1,1,3967,"ramsey"
124,"68","294","CARR",1,28,12,1,1,3968,"carr"
124,"68","295","MARTEN RIVER",0,28,12,1,1,3969,"marten river"
124,"68","296","WEST BAY",1,28,13,1,1,3970,"west bay"
124,"68","297","BRINKMAN COR",1,18,13,1,1,3971,"brinkman cor"
124,"68","298","COLPOYS BAY",1,18,13,1,1,3972,"colpoys bay"
124,"68","299","LUTHER",1,18,13,1,1,3973,"luther"
124,"68","300","CROOKED CR.",1,18,13,1,1,3974,"crooked cr"
124,"68","301","FONTHILL KAME",1,16,13,1,1,3975,"fonthill kame"
124,"68","303","WALLACETOWN",1,16,13,1,1,3976,"wallacetown"
124,"68","304","Martels Corners",1,18,13,1,1,3977,"martels corners"
124,"68","306","Limehouse",1,18,13,1,1,3978,"limehouse"
124,"68","308","ARKELL",1,16,13,1,1,3979,"arkell"
124,"68","312","GLENDOWER",1,18,12,1,1,3980,"glendower"
124,"68","313","DESERT LAKE",1,18,13,1,1,3981,"desert lake"
124,"68","314","MARMORA",1,18,12,1,1,3982,"marmora"
124,"68","316","FENELON FALL",1,18,13,1,1,3983,"fenelon fall"
124,"68","317","KENSTONE BCH",0,18,13,1,1,3984,"kenstone bch"
124,"68","319","DALRYMPLE",1,18,13,1,1,3985,"dalrymple"
124,"68","323","MARTINTOWN",1,18,13,1,1,3986,"martintown"
124,"68","324","STITTSVILLE",0,18,13,1,1,3987,"stittsville"
124,"68","325","ASHDAD",1,28,12,1,1,3988,"ashdad"
124,"68","326","ESMONDE",1,28,12,1,1,3989,"esmonde"
124,"68","327","HIGHLAND GRV",0,28,12,1,1,3990,"highland grv"
124,"68","328","BEAR LAKE",1,28,12,1,1,3991,"bear lake"
124,"68","329","Seckerton",0,16,13,1,1,3992,"seckerton"
124,"68","330","TACHE",0,29,12,1,1,3993,"tache"
124,"68","336","WOLF LAKE 2",1,29,8,1,1,3994,"wolf lake 2"
124,"68","338","PARRY SOUND",1,28,12,1,1,3995,"parry sound"
124,"68","341","BENNY",1,28,12,1,1,3996,"benny"
124,"68","342","Rock Lake",1,28,12,1,1,3997,"rock lake"
124,"68","348","Shiner Lake",1,28,12,1,1,3998,"shiner lake"
124,"68","350","VENNACHER",1,28,12,1,1,3999,"vennacher"
124,"68","352","SUNDRIDGE",0,28,12,1,1,4000,"sundridge"
124,"68","354","Whitedog",1,29,12,1,1,4001,"whitedog"
124,"68","355","GORHAM",0,29,8,1,1,4002,"gorham"
124,"68","357","TERRACE BAY",1,29,8,1,1,4003,"terrace bay"
124,"68","358","Little Tuckanee Lake",1,29,8,1,1,4004,"little tuckanee lake"
124,"68","360","Greta Road",1,29,8,1,1,4005,"greta road"
124,"68","362","Limer",1,29,12,1,1,4006,"limer"
124,"68","373","SINGELAKE",1,29,12,1,1,4007,"singelake"
124,"68","375","Corrigan Lake",1,29,12,1,1,4008,"corrigan lake"
124,"68","385","Obonga Lake Rd",1,29,8,1,1,4009,"obonga lake rd"
124,"68","386","Armstrong Airport",1,29,8,1,1,4010,"armstrong airport"
124,"68","387","Kagianagami Lake",1,29,8,1,1,4011,"kagianagami lake"
124,"68","392","MAKWA",1,29,12,1,1,4012,"makwa"
124,"68","395","WILSON LAKE ROAD",1,28,12,1,1,4013,"wilson lake road"
124,"68","416","GANARASKA",1,18,13,1,1,4014,"ganaraska"
124,"68","417","EMILY PARK",1,18,13,1,1,4015,"emily park"
124,"68","424","Prospect",1,18,13,1,1,4016,"prospect"
124,"68","427","ELEPHANT LAKE",1,28,12,1,1,4017,"elephant lake"
124,"68","430","GHOST LAKE",1,29,12,1,1,4018,"ghost lake"
124,"68","448","Wilson",1,28,12,1,1,4019,"wilson"
124,"68","452","Magnetawan",1,28,12,1,1,4020,"magnetawan"
124,"68","473","Nova Road",1,29,8,1,1,4021,"nova road"
124,"68","901","PETROGLYPHS",0,18,12,1,2,4022,"petroglyphs"
124,"68","902","GRAND RIVER",0,16,13,1,2,4023,"grand river"
124,"68","907","BORDEN",1,18,13,1,2,4024,"borden"
840,"69","065","Wallowa",1,65,10,1,1,4087,"wallowa"
840,"69","066","Langlois",1,93,5,1,1,4088,"langlois"
840,"69","067","Lobster Creek",1,93,5,1,1,4089,"lobster creek"
840,"69","068","Pole Creek Res",1,89,10,1,1,4090,"pole creek res"
840,"69","128","MODOC POINT 2",1,85,9,1,1,4096,"modoc point 2"
840,"69","347","DONELLY 2",1,65,10,1,1,4165,"donelly 2"
840,"72","908","RACCOON CREEK",0,22,28,1,2,4310,"raccoon creek"
124,"75","001","ALBERTON",1,28,14,1,1,4314,"alberton"
124,"75","005","DUNDAS",1,28,14,1,1,4315,"dundas"
124,"75","009","BEDEQUE",1,28,14,1,1,4316,"bedeque"
124,"75","013","DALVAY",1,28,14,1,1,4317,"dalvay"
124,"76","001","EARDLEY",1,18,12,1,1,4318,"eardley"
124,"76","002","GLEN ALMOND",1,18,12,1,1,4319,"glen almond"
124,"76","003","DÉPOT DE L'AIGLE",1,28,12,1,1,4320,"dï¿½pot de l aigle"
124,"76","004","LACOLLE",1,18,13,1,1,4321,"lacolle"
124,"76","005","VERCHÈRES",1,18,13,1,1,4322,"verchï¿½res"
124,"76","006","RIVIÈRE GAGNON",0,18,13,1,1,4323,"riviï¿½re gagnon"
124,"76","007","HUDSON",0,18,13,1,1,4324,"hudson"
124,"76","008","DRUMMONDVILLE",1,18,13,1,1,4325,"drummondville"
124,"76","009","EAST FARNHAM",1,28,13,1,1,4326,"east farnham"
124,"76","010","HAM SUD",0,28,14,1,1,4327,"ham sud"
124,"76","011","BALDWIN MILL",1,28,14,1,1,4328,"baldwin mill"
124,"76","012","MANIWAKI",1,28,12,1,1,4329,"maniwaki"
124,"76","013","LAC KIAMIKA",0,28,12,1,1,4330,"lac kiamika"
124,"76","014","NOTRE-DAME-DU-LAUS",1,28,12,1,1,4331,"notre dame du laus"
124,"76","015","ST-GUILLAUME-DU-NORD",0,29,12,1,1,4332,"st guillaume du nord"
124,"76","016","RIVIÈRE ROUGE",0,28,12,1,1,4333,"riviï¿½re rouge"
124,"76","017","ST ZENON",0,28,12,1,1,4334,"st zenon"
124,"76","018","LAC BISSONNETTE",1,28,12,1,1,4335,"lac bissonnette"
124,"76","019","ST CELESTIN",1,18,13,1,1,4336,"st celestin"
124,"76","020","LA PERADE",1,18,13,1,1,4337,"la perade"
124,"76","021","ST ANTOINE",1,18,13,1,1,4338,"st antoine"
124,"76","022","ST-MÉTHODE",1,28,14,1,1,4339,"st mï¿½thode"
124,"76","023","STE MARGUERITE",1,18,13,1,1,4340,"ste marguerite"
124,"76","024","MORISSET STATION",0,28,14,1,1,4341,"morisset station"
124,"76","025","BARRAGE",1,28,12,1,1,4342,"barrage"
124,"76","026","BELLETERRE",1,29,12,1,1,4343,"belleterre"
124,"76","027","DES JOACHIMS",0,28,12,1,1,4344,"des joachims"
124,"76","028","RES DOZOIS",0,29,12,1,1,4345,"res dozois"
124,"76","029","CABONGA",0,29,12,1,1,4346,"cabonga"
124,"76","030","LAC BEAUCHÊNE",1,28,12,1,1,4347,"lac beauchï¿½ne"
124,"76","031","GRAND LAC VICTORIA",1,29,8,1,1,4348,"grand lac victoria"
124,"76","032","RIVIÈRE EASTMAIN",1,25,7,1,1,4349,"riviï¿½re eastmain"
124,"76","033","RIVIÈRE GATINEAU",0,29,12,1,1,4350,"riviï¿½re gatineau"
124,"76","034","LAC MANOUANE",1,29,12,1,1,4351,"lac manouane"
124,"76","035","LAC COUSACOUTA",1,29,12,1,1,4352,"lac cousacouta"
124,"76","036","LATUQUE",0,29,12,1,1,4353,"latuque"
124,"76","037","PARC DES LAURENTIDES",0,29,12,1,1,4354,"parc des laurentides"
124,"76","038","STONEHAM",0,29,12,1,1,4355,"stoneham"
124,"76","039","ST URBAIN",1,29,12,1,1,4356,"st urbain"
124,"76","040","STE ANNE D POCATIÈRE",1,28,13,1,1,4357,"ste anne d pocatiï¿½re"
124,"76","041","WHITWORTH",0,28,14,1,1,4358,"whitworth"
124,"76","042","NOTRE DAME D PORTAGE",0,28,14,1,1,4359,"notre dame d portage"
124,"76","043","GRANADA",0,29,8,1,1,4360,"granada"
124,"76","044","MCWATTERS",0,29,8,1,1,4361,"mcwatters"
124,"76","045","CADILLAC",0,29,8,1,1,4362,"cadillac"
124,"76","046","SENNETERRE",0,29,8,1,1,4363,"senneterre"
124,"76","047","BOURLAMAQUE",0,29,8,1,1,4364,"bourlamaque"
124,"76","048","LAC MATCHI-MANITOU",0,29,8,1,1,4365,"lac matchi manitou"
124,"76","049","CLOVA",1,29,12,1,1,4366,"clova"
124,"76","050","LAC INDIEN",1,29,12,1,1,4367,"lac indien"
124,"76","051","VILLEBOIS",1,29,8,1,1,4368,"villebois"
124,"76","052","LAC DE LA GROSS-ILE",1,29,12,1,1,4369,"lac de la gross ile"
124,"76","053","ST PRIME",1,28,8,1,1,4370,"st prime"
124,"76","054","PETIT LIÈVRE",1,29,12,1,1,4371,"petit liï¿½vre"
124,"76","055","LAC TCHITOGAMA",1,28,8,1,1,4372,"lac tchitogama"
124,"76","056","PIKA RIVER",0,29,12,1,1,4373,"pika river"
124,"76","057","ST ISADORE",1,28,8,1,1,4374,"st isadore"
124,"76","058","ST BAZILE",0,28,8,1,1,4375,"st bazile"
124,"76","059","MONT JOLI",0,28,14,1,1,4376,"mont joli"
124,"76","060","STE RITA",1,28,14,1,1,4377,"ste rita"
124,"76","061","SAINTE PAULA",1,28,14,1,1,4378,"sainte paula"
124,"76","062","MATANE",0,28,14,1,1,4379,"matane"
124,"76","063","NOUVELLE",0,28,14,1,1,4380,"nouvelle"
124,"76","064","RESTIGOUCHE",0,28,14,1,1,4381,"restigouche"
124,"76","065","RIVIÈRE ST-JEAN",0,29,14,1,1,4382,"riviï¿½re st jean"
124,"76","066","GRANDE VALLEÉ",0,29,14,1,1,4383,"grande valleï¿½"
124,"76","067","FONTENELLE",1,28,14,1,1,4384,"fontenelle"
124,"76","068","PTE-À-LA-FRÉGATE",1,28,14,1,1,4385,"pte ï¿½ la frï¿½gate"
124,"76","069","ST MARCELLIN",1,28,14,1,1,4386,"st marcellin"
124,"76","070","ILES DE LA MADELEINE",1,28,14,1,1,4387,"iles de la madeleine"
124,"76","071","LAC OUESCAPIS",1,29,8,1,1,4388,"lac ouescapis"
124,"76","072","HARRICANAW",0,29,8,1,1,4389,"harricanaw"
124,"76","073","MATAGAMI",1,29,8,1,1,4390,"matagami"
124,"76","074","DESMARAISVILLE",1,29,8,1,1,4391,"desmaraisville"
124,"76","075","RIVIÈRE CHIBOUGAMAU",1,29,8,1,1,4392,"riviï¿½re chibougamau"
124,"76","076","CHAPAIS",0,29,8,1,1,4393,"chapais"
124,"76","077","RIVIÈRE CROCHUE",1,29,8,1,1,4394,"riviï¿½re crochue"
124,"76","078","RIVIÈRE MISTASSINI",1,29,8,1,1,4395,"riviï¿½re mistassini"
124,"76","079","RIVIÈRE MISTASSIBI",1,29,8,1,1,4396,"riviï¿½re mistassibi"
124,"76","080","Lac À Paul",1,29,8,1,1,4397,"lac ï¿½ paul"
124,"76","081","BON DÉSIR",0,28,8,1,1,4398,"bon dï¿½sir"
124,"76","082","FORESTVILLE",1,29,8,1,1,4399,"forestville"
124,"76","083","OUTARDES",1,29,8,1,1,4400,"outardes"
124,"76","084","FRANQUELIN",0,29,8,1,1,4401,"franquelin"
124,"76","085","WASKAGANISH",1,25,7,1,1,4402,"waskaganish"
124,"76","086","Clarke City",1,29,8,1,1,4403,"clarke city"
124,"76","087","MINGAN",1,29,8,1,1,4404,"mingan"
124,"76","088","HAVRE ST PIERRE",1,29,8,1,1,4405,"havre st pierre"
124,"76","089","LAC COLOMB",1,25,7,1,1,4406,"lac colomb"
124,"76","090","MÉGANTIC",1,28,14,1,1,4407,"mï¿½gantic"
124,"76","091","LA GRANDE 4",1,25,7,1,1,4408,"la grande 4"
124,"76","092","EASTMAIN",1,25,7,1,1,4409,"eastmain"
124,"76","093","EASTMAIN SUD",1,25,7,1,1,4410,"eastmain sud"
124,"76","094","RIVIÈRE CHALIFOUR",1,29,8,1,1,4411,"riviï¿½re chalifour"
124,"76","095","ROUTE DU NORD",1,29,8,1,1,4412,"route du nord"
124,"76","096","LAC CHAMPION",1,25,8,1,1,4413,"lac champion"
124,"76","097","RIVIÈRE NÉMISCAU",1,29,8,1,1,4414,"riviï¿½re nï¿½miscau"
124,"76","098","MANIC-5",0,29,8,1,1,4415,"manic 5"
124,"76","099","RELAIS GABRIEL",0,29,8,1,1,4416,"relais gabriel"
124,"76","100","NATASHQUAN",1,29,8,1,1,4417,"natashquan"
124,"76","101","Fermont",1,25,8,1,1,4418,"fermont"
124,"76","102","BLANC SABLON",1,29,8,1,1,4419,"blanc sablon"
124,"76","104","SABREVOIS",0,18,13,1,1,4420,"sabrevois"
124,"76","106","Lac Cloutier",1,18,13,1,1,4421,"lac cloutier"
124,"76","107","LES CÈDRES",1,18,13,1,1,4422,"les cï¿½dres"
124,"76","109","RICHMOND",1,18,14,1,1,4423,"richmond"
124,"76","110","MONT MÉGANTIC",1,28,14,1,1,4424,"mont mï¿½gantic"
124,"76","112","LAC PYTHONGA",0,28,12,1,1,4425,"lac pythonga"
124,"76","113","LAC DES ÉCORCES",1,28,12,1,1,4426,"lac des ï¿½corces"
124,"76","115","LAC OUAREAU",0,28,12,1,1,4427,"lac ouareau"
124,"76","116","ST-DONAT-DE-MONTCALM",1,28,12,1,1,4428,"st donat de montcalm"
124,"76","117","ST-ALEXIS-DES-MONTS",1,18,12,1,1,4429,"st alexis des monts"
124,"76","118","LAC CHARLAND",1,29,12,1,1,4430,"lac charland"
124,"76","120","GENTILLY",1,18,13,1,1,4431,"gentilly"
124,"76","121","ILE D'ORLEANS",1,28,13,1,1,4432,"ile d orleans"
124,"76","124","Beauceville",1,28,14,1,1,4433,"beauceville"
124,"76","125","FABRE",1,28,12,1,1,4434,"fabre"
124,"76","126","LAC NILGAUT",1,28,12,1,1,4435,"lac nilgaut"
124,"76","127","DUMOINE",1,28,12,1,1,4436,"dumoine"
124,"76","128","LAC BEND",1,29,8,1,1,4437,"lac bend"
124,"76","129","ANDOU",1,29,12,1,1,4438,"andou"
124,"76","132","LAFORCE",1,29,12,1,1,4439,"laforce"
124,"76","133","DÉPOT ÉCHOUANI",1,29,12,1,1,4440,"dï¿½pot ï¿½chouani"
124,"76","134","LAC CHATILLON",1,29,12,1,1,4441,"lac chatillon"
124,"76","135","LAC NORMAND",1,28,12,1,1,4442,"lac normand"
124,"76","136","VAN-BRUYSSEL",1,28,12,1,1,4443,"van bruyssel"
124,"76","137","PARC CARTIER",0,29,12,1,1,4444,"parc cartier"
124,"76","138","MONTMORENCY",0,29,12,1,1,4445,"montmorency"
124,"76","139","PARC GRANDS JARDINS",0,29,12,1,1,4446,"parc grands jardins"
124,"76","140","RIVIÈRE DES ROCHES",1,29,12,1,1,4447,"riviï¿½re des roches"
124,"76","142","Sainte-Perpétue",1,28,14,1,1,4448,"sainte perpï¿½tue"
124,"76","143","KEARNS",0,29,8,1,1,4449,"kearns"
124,"76","144","CLERICY",1,29,8,1,1,4450,"clericy"
124,"76","147","BARRAUTE",0,29,8,1,1,4451,"barraute"
124,"76","148","LAC FAILLON",1,29,8,1,1,4452,"lac faillon"
124,"76","150","NEMIO",1,29,12,1,1,4453,"nemio"
124,"76","151","CLUB COLONIAL",1,29,12,1,1,4454,"club colonial"
124,"76","155","LAC VERT",1,28,8,1,1,4455,"lac vert"
124,"76","156","LAC LA BELLE RIVIÈRE",1,29,12,1,1,4456,"lac la belle riviï¿½re"
124,"76","157","LAC BREBEUF",0,28,8,1,1,4457,"lac brebeuf"
124,"76","159","LUCEVILLE",1,28,14,1,1,4458,"luceville"
124,"76","161","RES FAUNE MATANE",0,28,14,1,1,4459,"res faune matane"
124,"76","162","ST ADELME",1,28,14,1,1,4460,"st adelme"
124,"76","163","ZEC CASAULT",1,29,14,1,1,4461,"zec casault"
124,"76","164","PARC GASPÉSIE",0,29,14,1,1,4462,"parc gaspï¿½sie"
124,"76","165","CAP D'ESPOIR",1,28,14,1,1,4463,"cap d espoir"
124,"76","166","Murdochville",1,29,14,1,1,4464,"murdochville"
124,"76","170","PORT-MENIER",1,29,8,1,1,4465,"port menier"
124,"76","172","JOUTEL",1,29,8,1,1,4466,"joutel"
124,"76","176","Ouje-Bougoumou",1,29,8,1,1,4467,"ouje bougoumou"
124,"76","181","RIVIÈRE D ESCOUMAINS",0,29,8,1,1,4468,"riviï¿½re d escoumains"
124,"76","182","LABRIEVILLE",1,29,8,1,1,4469,"labrieville"
124,"76","183","RIV DE LA TRINITÉ",1,29,8,1,1,4470,"riv de la trinitï¿½"
124,"76","184","RIVIÈRE MACDONALD",1,29,8,1,1,4471,"riviï¿½re macdonald"
124,"76","186","RIVIÈRE PIGOU",1,29,8,1,1,4472,"riviï¿½re pigou"
124,"76","190","LAC ARNOLD",1,28,14,1,1,4473,"lac arnold"
124,"76","198","Les Sept-Lacs",1,29,8,1,1,4474,"les sept lacs"
124,"76","199","Lac Manicouagan",1,29,8,1,1,4475,"lac manicouagan"
124,"76","201","BRYSON",1,18,12,1,1,4476,"bryson"
124,"76","204","Henryville",1,18,13,1,1,4477,"henryville"
124,"76","210","Domaine-des-Sapins",1,28,14,1,1,4478,"domaine des sapins"
124,"76","212","RIVIÈRE JOHN BULL",0,28,12,1,1,4479,"riviï¿½re john bull"
124,"76","213","Chute-St-Philippe",1,28,12,1,1,4480,"chute st philippe"
124,"76","215","LAC CYPRÈS",1,28,12,1,1,4481,"lac cyprï¿½s"
124,"76","216","LA MINERVE",1,28,12,1,1,4482,"la minerve"
124,"76","221","LOURDES",0,18,13,1,1,4483,"lourdes"
124,"76","225","LAC DE L'EST",1,28,14,1,1,4484,"lac de l est"
124,"76","226","Temiscaming",1,28,12,1,1,4485,"temiscaming"
124,"76","227","RIVIÈRE COULONGE",1,29,12,1,1,4486,"riviï¿½re coulonge"
124,"76","233","Lac du Radeau",1,29,12,1,1,4487,"lac du radeau"
124,"76","236","LA DORÉ",1,29,12,1,1,4488,"la dorï¿½"
124,"76","237","LAURENTIDES",1,29,12,1,1,4489,"laurentides"
124,"76","238","LA BRANCHE",1,29,12,1,1,4490,"la branche"
124,"76","243","MONTBEILLARD",1,29,8,1,1,4491,"montbeillard"
124,"76","247","LA CORNE",0,29,8,1,1,4492,"la corne"
124,"76","257","LAC HA! HA!",1,29,12,1,1,4493,"lac ha ha"
124,"76","259","GRAND-MÉTIS",1,28,14,1,1,4494,"grand mï¿½tis"
124,"76","261","LAC SQUATEC",0,29,14,1,1,4495,"lac squatec"
124,"76","262","Saint-Damase",0,28,14,1,1,4496,"saint damase"
124,"76","264","MONT ALBERT",1,29,14,1,1,4497,"mont albert"
124,"76","265","LE DOS-D'ANE",1,28,14,1,1,4498,"le dos d ane"
124,"76","266","St Elzéar",1,28,14,1,1,4499,"st elzï¿½ar"
124,"76","281","RIVIÈRE PORTNEUF",1,29,8,1,1,4500,"riviï¿½re portneuf"
124,"76","284","Rivière Godbout",0,29,8,1,1,4501,"riviï¿½re godbout"
124,"76","286","RIV STE MARGUERITE",1,29,8,1,1,4502,"riv ste marguerite"
124,"76","302","GATINEAU",1,18,12,1,1,4503,"gatineau"
124,"76","304","CHATEAUGUAY",1,18,13,1,1,4504,"chateauguay"
124,"76","306","MONTEBELLO",1,18,12,1,1,4505,"montebello"
124,"76","309","BOLTON",0,28,14,1,1,4506,"bolton"
124,"76","310","STOKE",1,28,14,1,1,4507,"stoke"
124,"76","312","LAC ROLAND",0,28,12,1,1,4508,"lac roland"
124,"76","314","DÉLÉAGE",1,28,12,1,1,4509,"dï¿½lï¿½age"
124,"76","317","ST. MICHEL",0,29,12,1,1,4510,"st michel"
124,"76","318","BRANDON",1,18,12,1,1,4511,"brandon"
124,"76","320","SHAWINIGAN",1,18,12,1,1,4512,"shawinigan"
124,"76","321","ISSOUDUN",0,18,13,1,1,4513,"issoudun"
124,"76","324","BEAUREGARD",1,28,14,1,1,4514,"beauregard"
124,"76","336","LA CROCHE",0,28,12,1,1,4515,"la croche"
124,"76","337","LAC BARRETTE",0,29,12,1,1,4516,"lac barrette"
124,"76","339","ST HILARION",0,29,12,1,1,4517,"st hilarion"
124,"76","341","KAMOURASKA",0,28,14,1,1,4518,"kamouraska"
124,"76","343","BEAUDRY",0,29,8,1,1,4519,"beaudry"
124,"76","345","AMOS",0,29,8,1,1,4520,"amos"
124,"76","346","DESPINASSY",1,29,8,1,1,4521,"despinassy"
124,"76","347","LAC FIEDMONT",1,29,8,1,1,4522,"lac fiedmont"
124,"76","355","Taillon",0,28,8,1,1,4523,"taillon"
124,"76","357","ZEC Brébeuf",1,28,8,1,1,4524,"zec brï¿½beuf"
124,"76","361","La John",1,28,14,1,1,4525,"la john"
124,"76","362","Padoue",0,28,14,1,1,4526,"padoue"
124,"76","363","MIGUASHA",1,28,14,1,1,4527,"miguasha"
124,"76","364","LISTUGUJ",1,28,14,1,1,4528,"listuguj"
124,"76","365","NEWPORT",0,28,14,1,1,4529,"newport"
124,"76","366","Petite Vallée",0,29,14,1,1,4530,"petite vallï¿½e"
124,"76","381","Tadoussac",1,28,8,1,1,4531,"tadoussac"
124,"76","384","Godbout",1,29,8,1,1,4532,"godbout"
124,"76","390","BOLDUC",1,28,14,1,1,4533,"bolduc"
124,"76","409","MONT-ÉLÉPHANT",1,28,14,1,1,4534,"mont ï¿½lï¿½phant"
124,"76","417","Rivière du Milieu",0,29,12,1,1,4535,"riviï¿½re du milieu"
124,"76","421","St-Agapit",1,18,13,1,1,4536,"st agapit"
124,"76","436","LAC-EDOUARD",1,29,12,1,1,4537,"lac edouard"
124,"76","437","CACHE-CANADA",1,28,12,1,1,4538,"cache canada"
124,"76","439","NOTRE-DAME-DES-MONTS",1,29,12,1,1,4539,"notre dame des monts"
124,"76","443","Clerval",1,29,8,1,1,4540,"clerval"
124,"76","445","Lac Berry",1,29,8,1,1,4541,"lac berry"
124,"76","455","Sainte-Monique",1,28,8,1,1,4542,"sainte monique"
124,"76","461","Degelis",1,28,14,1,1,4543,"degelis"
124,"76","462","La Rédemption",1,28,14,1,1,4544,"la rï¿½demption"
124,"76","464","Ste-Anne-des-Monts",1,29,14,1,1,4545,"ste anne des monts"
124,"76","465","PELLEGRIN",0,28,14,1,1,4546,"pellegrin"
124,"76","466","ST SIMÉON",1,28,14,1,1,4547,"st simï¿½on"
124,"76","521","Lyster",1,18,13,1,1,4548,"lyster"
124,"76","537","LAC MALIN",1,29,12,1,1,4549,"lac malin"
124,"76","543","Évain",0,29,8,1,1,4550,"ï¿½vain"
124,"76","565","GRAND-PABOS",0,28,14,1,1,4551,"grand pabos"
124,"76","566","Grand Remous",1,29,14,1,1,4552,"grand remous"
124,"76","621","St-Flavien",0,18,13,1,1,4553,"st flavien"
124,"76","643","Lac Ted",0,29,8,1,1,4554,"lac ted"
124,"76","665","ZEC DES ANSES",1,28,14,1,1,4555,"zec des anses"
124,"76","743","Arntfield",1,29,8,1,1,4556,"arntfield"
124,"79","001","CARNDUFF",1,30,11,1,1,4564,"carnduff"
124,"79","002","ARCOLA",1,30,11,1,1,4565,"arcola"
124,"79","003","HEWARD",1,30,11,1,1,4566,"heward"
124,"79","004","AXFORD",0,37,11,1,1,4567,"axford"
124,"79","005","MITCHELLTON",1,37,11,1,1,4568,"mitchellton"
124,"79","006","12 MILE LAKE",0,38,11,1,1,4569,"12 mile lake"
124,"79","007","CADILLAC",1,38,11,1,1,4570,"cadillac"
124,"79","009","MAPLE CREEK",0,38,11,1,1,4571,"maple creek"
124,"79","010","CHURCHBRIDGE",0,30,11,1,1,4572,"churchbridge"
124,"79","011","ESTERHAZY",0,30,11,1,1,4573,"esterhazy"
124,"79","012","GLENAVON",1,30,11,1,1,4574,"glenavon"
124,"79","013","LUMSDEN",0,30,11,1,1,4575,"lumsden"
124,"79","014","MOOSE JAW",1,37,11,1,1,4576,"moose jaw"
124,"79","015","PARKBEG",1,37,11,1,1,4577,"parkbeg"
124,"79","016","SWIFT CURRENT",1,38,11,1,1,4578,"swift current"
124,"79","017","TUBEROSE",0,37,11,1,1,4579,"tuberose"
124,"79","019","WROXTON",1,30,11,1,1,4580,"wroxton"
124,"79","020","THEODORE",1,30,11,1,1,4581,"theodore"
124,"79","021","ITUNA",0,30,11,1,1,4582,"ituna"
124,"79","022","LEROY",0,30,11,1,1,4583,"leroy"
124,"79","023","GIRVIN",1,37,11,1,1,4584,"girvin"
124,"79","024","BLADWORTH",1,37,11,1,1,4585,"bladworth"
124,"79","025","DELISLE",0,37,11,1,1,4586,"delisle"
124,"79","026","TYNER",1,38,11,1,1,4587,"tyner"
124,"79","027","KERROBERT",0,37,11,1,1,4588,"kerrobert"
124,"79","028","HUDSON BAY",1,30,6,1,1,4589,"hudson bay"
124,"79","029","KELVINGTON",0,30,11,1,1,4590,"kelvington"
124,"79","030","WATSON",0,30,11,1,1,4591,"watson"
124,"79","031","WAKAW",1,30,11,1,1,4592,"wakaw"
124,"79","032","MARCELIN",1,30,11,1,1,4593,"marcelin"
124,"79","033","BIGGAR",1,30,11,1,1,4594,"biggar"
124,"79","034","WILKIE",1,30,11,1,1,4595,"wilkie"
124,"79","035","MANITO LAKE",1,30,11,1,1,4596,"manito lake"
124,"79","036","OTOSQUEN",1,29,6,1,1,4597,"otosquen"
124,"79","037","ARBORFIELD",1,30,6,1,1,4598,"arborfield"
124,"79","038","LOVE",1,29,6,1,1,4599,"love"
124,"79","039","CLOUSTON",1,29,6,1,1,4600,"clouston"
124,"79","040","PARK VALLEY",1,29,6,1,1,4601,"park valley"
124,"79","041","LEOVILLE",1,30,6,1,1,4602,"leoville"
124,"79","042","BRIGHTSAND",1,30,6,1,1,4603,"brightsand"
124,"79","043","TURTLEFORD",1,30,6,1,1,4604,"turtleford"
124,"79","044","Jan Lake",1,29,8,1,1,4605,"jan lake"
124,"79","045","Hanson Lake Road",1,29,6,1,1,4606,"hanson lake road"
124,"79","046","PIPRELL LAKE",0,29,6,1,1,4607,"piprell lake"
124,"79","047","HIGHWAY CRK",1,29,6,1,1,4608,"highway crk"
124,"79","048","Elaine Lake",1,29,6,1,1,4609,"elaine lake"
124,"79","049","DORE LAKE",1,29,6,1,1,4610,"dore lake"
124,"79","050","MEADOW LAKE",0,29,6,1,1,4611,"meadow lake"
124,"79","051","Lac des Iles",1,29,6,1,1,4612,"lac des iles"
124,"79","052","Sandy Bay",1,29,8,1,1,4613,"sandy bay"
124,"79","054","Missinipe",1,29,8,1,1,4614,"missinipe"
124,"79","055","La Ronge",1,29,8,1,1,4615,"la ronge"
124,"79","056","Pinehouse Lake",1,29,6,1,1,4616,"pinehouse lake"
124,"79","057","Beauval",1,29,6,1,1,4617,"beauval"
124,"79","058","Buffalo Narrows",1,29,6,1,1,4618,"buffalo narrows"
124,"79","059","Vermette Lake",1,29,6,1,1,4619,"vermette lake"
124,"79","060","Gem Lakes",1,29,6,1,1,4620,"gem lakes"
124,"79","061","Purdey Lake",1,29,8,1,1,4621,"purdey lake"
124,"79","064","Mawdley Lake",1,29,8,1,1,4622,"mawdley lake"
124,"79","066","Turnor Lake",1,29,6,1,1,4623,"turnor lake"
124,"79","067","Garson Lake",1,29,6,1,1,4624,"garson lake"
124,"79","069","Huggins Lake",1,29,8,1,1,4625,"huggins lake"
124,"79","071","Key Lake",1,29,8,1,1,4626,"key lake"
124,"79","075","Gedak Lake",1,29,8,1,1,4627,"gedak lake"
124,"79","077","Wollaston Lake",1,25,8,1,1,4628,"wollaston lake"
124,"79","078","Waterbury Lake",1,29,8,1,1,4629,"waterbury lake"
124,"79","079","Yurkowski Lake",1,25,8,1,1,4630,"yurkowski lake"
124,"79","083","Athabasca Shore",1,29,8,1,1,4631,"athabasca shore"
124,"79","087","Stony Rapids",1,25,8,1,1,4632,"stony rapids"
124,"79","102","KENOSEE LAKE",1,30,11,1,1,4633,"kenosee lake"
124,"79","103","CEDOUX",1,37,11,1,1,4634,"cedoux"
124,"79","104","CEYLON",1,37,11,1,1,4635,"ceylon"
124,"79","105","SPRING VALLEY",1,37,11,1,1,4636,"spring valley"
124,"79","106","WOOD RIVER",1,38,11,1,1,4637,"wood river"
124,"79","107","FRENCHMAN RV",1,38,11,1,1,4638,"frenchman rv"
124,"79","108","EASTEND",1,38,11,1,1,4639,"eastend"
124,"79","109","CYPRESS HILL",1,38,11,1,1,4640,"cypress hill"
124,"79","111","CROOKED LAKE",1,30,11,1,1,4641,"crooked lake"
124,"79","112","TYVAN",1,30,11,1,1,4642,"tyvan"
124,"79","113","EDENWOLD",1,30,11,1,1,4643,"edenwold"
124,"79","114","DRINKWATER",1,30,11,1,1,4644,"drinkwater"
124,"79","115","COURVAL",1,38,11,1,1,4645,"courval"
124,"79","116","DENDRON",1,38,11,1,1,4646,"dendron"
124,"79","117","TOMPKINS",1,38,11,1,1,4647,"tompkins"
124,"79","118","BURSTALL",1,38,11,1,1,4648,"burstall"
124,"79","120","WILLOWBROOK",0,30,11,1,1,4649,"willowbrook"
124,"79","121","GOODEVE",1,30,11,1,1,4650,"goodeve"
124,"79","122","SERATH",1,30,11,1,1,4651,"serath"
124,"79","123","FARRERDALE",1,37,11,1,1,4652,"farrerdale"
124,"79","124","BRODERICK",1,37,11,1,1,4653,"broderick"
124,"79","125","BOUNTY",1,37,11,1,1,4654,"bounty"
124,"79","126","DUPEROW",1,37,11,1,1,4655,"duperow"
124,"79","127","KINDERSLEY",1,38,11,1,1,4656,"kindersley"
124,"79","128","BERTWELL",1,30,6,1,1,4657,"bertwell"
124,"79","129","GREENWATER",1,30,6,1,1,4658,"greenwater"
124,"79","130","PLEASANTDALE",1,30,6,1,1,4659,"pleasantdale"
124,"79","131","BIRCH HILLS",1,30,6,1,1,4660,"birch hills"
124,"79","132","ABERDEEN",1,30,11,1,1,4661,"aberdeen"
124,"79","133","ASQUITH",1,30,11,1,1,4662,"asquith"
124,"79","134","HANDEL",1,30,11,1,1,4663,"handel"
124,"79","135","SENLAC",1,30,11,1,1,4664,"senlac"
124,"79","136","CUMBERLAND",1,29,6,1,1,4665,"cumberland"
124,"79","137","SQUAW RAPIDS",1,29,6,1,1,4666,"squaw rapids"
124,"79","138","WHITE FOX",1,29,6,1,1,4667,"white fox"
124,"79","139","PADDOCKWOOD",1,29,6,1,1,4668,"paddockwood"
124,"79","140","PR AL PARK",1,29,6,1,1,4669,"pr al park"
124,"79","141","MULLINGAR",1,30,6,1,1,4670,"mullingar"
124,"79","142","EDAM",1,30,6,1,1,4671,"edam"
124,"79","143","ST WALBURG",1,30,6,1,1,4672,"st walburg"
124,"79","144","Flin Flon",1,29,8,1,1,4673,"flin flon"
124,"79","146","Jayjay Lake",1,29,6,1,1,4674,"jayjay lake"
124,"79","147","Timber Bay",1,29,6,1,1,4675,"timber bay"
124,"79","149","GREEN LAKE",1,29,6,1,1,4676,"green lake"
124,"79","150","DORINTOSH",1,29,6,1,1,4677,"dorintosh"
124,"79","204","PARRY",1,37,11,1,1,4678,"parry"
124,"79","209","THE GAP",0,38,11,1,1,4679,"the gap"
124,"79","210","LANGENBURG",1,30,11,1,1,4680,"langenburg"
124,"79","211","BANGOR",1,30,11,1,1,4681,"bangor"
124,"79","213","Craven",1,30,11,1,1,4682,"craven"
124,"79","217","WHITE BEAR",1,37,11,1,1,4683,"white bear"
124,"79","220","Rock Dell",1,30,11,1,1,4684,"rock dell"
124,"79","221","HUBBARD",1,30,11,1,1,4685,"hubbard"
124,"79","222","JANSEN",1,30,11,1,1,4686,"jansen"
124,"79","225","Donovan",1,37,11,1,1,4687,"donovan"
124,"79","227","COLEVILLE",1,37,11,1,1,4688,"coleville"
124,"79","229","FOSSTON",1,30,11,1,1,4689,"fosston"
124,"79","230","ENGLEFELD",1,30,11,1,1,4690,"englefeld"
124,"79","237","AYLSHAM",1,29,6,1,1,4691,"aylsham"
124,"79","243","FRENCHMAN BT",0,30,6,1,1,4692,"frenchman bt"
124,"79","250","Cabana Road",1,29,6,1,1,4693,"cabana road"
124,"79","309","KINCORTH",1,38,11,1,1,4694,"kincorth"
124,"79","402","Mankota",1,38,11,1,1,4695,"mankota"
124,"79","403","Newton Lake",1,38,11,1,1,4696,"newton lake"
124,"79","404","Fort Walsh",0,38,11,1,1,4697,"fort walsh"
124,"79","405","Divide",1,38,11,1,1,4698,"divide"
124,"79","406","Shaunavon",1,38,11,1,1,4699,"shaunavon"
124,"79","407","Scotsguard",1,38,11,1,1,4700,"scotsguard"
124,"79","408","Hazlet",1,38,11,1,1,4701,"hazlet"
124,"79","417","Clark Bridge",1,38,11,1,1,4702,"clark bridge"
124,"79","418","St Victor",1,38,11,1,1,4703,"st victor"
124,"79","420","Bordeland",1,38,11,1,1,4704,"bordeland"
124,"79","424","Shooter Hill",1,37,11,1,1,4705,"shooter hill"
840,"82","905","TRACE COLLINWOOD",0,14,24,1,2,4877,"trace collinwood"
840,"82","906","TRACE LEWIS",0,14,24,1,2,4878,"trace lewis"
840,"83","119","Dilley",1,7,36,1,1,4995,"dilley"
840,"83","141","MANOR",0,53,20,1,1,5001,"manor"
840,"83","151","PIDCOKE 2",1,53,20,1,1,5004,"pidcoke 2"
840,"83","185","Mertzon 2",1,53,19,1,1,5008,"mertzon 2"
840,"83","241","MANOR 2",1,53,20,1,1,5018,"manor 2"
840,"83","379","HEIDELBERG",1,7,36,1,1,5099,"heidelberg"
840,"83","393","PAIGE",1,8,21,1,1,5103,"paige"
840,"83","394","PECOS",0,56,18,1,1,5104,"pecos"
840,"83","395","VAN HORN",1,56,35,1,1,5105,"van horn"
840,"83","396","Saragosa",1,56,18,1,1,5106,"saragosa"
840,"83","409","MILLETT 2",1,7,36,1,1,5109,"millett 2"
840,"83","412","Moon Lake 2",1,6,37,1,1,5111,"moon lake 2"
840,"83","448","EASTON 2",1,4,25,1,1,5117,"easton 2"
840,"83","457","Smyrna 2",1,4,25,1,1,5118,"smyrna 2"
840,"83","510","KERMIT 2",1,56,18,1,1,5120,"kermit 2"
840,"83","904","BIG SANDY BITH",1,4,25,1,2,5125,"big sandy bith"
840,"83","905","LANCE ROSIER BITH",0,3,25,1,2,5126,"lance rosier bith"
840,"83","906","NECHES BITH",0,3,25,1,2,5127,"neches bith"
840,"83","907","PADRE ISLAND PAIS",0,6,37,1,2,5128,"padre island pais"
840,"85","018","CASTLETON",0,87,16,1,1,5146,"castleton"
840,"85","308","VERNAL",0,84,16,1,1,5216,"vernal"
840,"85","312","WELLINGTON",0,87,16,1,1,5220,"wellington"
840,"85","412","Wellington 2",0,87,16,1,1,5233,"wellington 2"
840,"88","053","Brandy Station",1,10,29,1,1,5325,"brandy station"
840,"88","054","Lake Anna",1,11,29,1,1,5326,"lake anna"
840,"89","085","CONCRETE",1,67,9,1,1,5447,"concrete"
840,"89","086","Greenwater",1,67,5,1,1,5448,"greenwater"
840,"89","159","Raymond 2",1,93,5,1,1,5458,"raymond 2"
840,"89","173","INDEX 2",1,67,9,1,1,5461,"index 2"
840,"90","054","Ringgold",1,22,28,1,1,5531,"ringgold"
840,"92","099","KAYCEE",1,39,17,1,1,5737,"kaycee"
840,"92","116","Elk Horn 2",1,86,10,1,1,5750,"elk horn 2"
840,"92","180","GAS HILLS 2",1,86,10,1,1,5761,"gas hills 2"
840,"92","198","Black Rock 2",1,86,10,1,1,5765,"black rock 2"
840,"92","202","RAWLINS 2",1,86,10,1,1,5766,"rawlins 2"
840,"92","350","Moskee 3",1,61,17,1,1,5777,"moskee 3"
124,"93","005","WATSON LAKE",1,68,4,1,1,5783,"watson lake"
124,"93","006","SIMPSON LAKE",1,68,4,1,1,5784,"simpson lake"
124,"93","007","RANCHERIA",1,68,4,1,1,5785,"rancheria"
124,"93","009","TESLIN LAKE",1,68,4,1,1,5786,"teslin lake"
124,"93","010","JAKES CORNER",0,68,4,1,1,5787,"jakes corner"
124,"93","011","COWLEY",1,68,4,1,1,5788,"cowley"
124,"93","012","WIGAN",0,68,4,1,1,5789,"wigan"
124,"93","013","CHAMPAGNE",1,68,4,1,1,5790,"champagne"
124,"93","014","DEZADEASH",0,68,4,1,1,5791,"dezadeash"
124,"93","015","SLIMS RIVER",0,68,4,1,1,5792,"slims river"
124,"93","019","LOGAN MOUNTAIN",1,68,4,1,1,5793,"logan mountain"
124,"93","020","FRANCES LAKES",1,68,4,1,1,5794,"frances lakes"
124,"93","021","FINLAYSON LAKE",1,68,4,1,1,5795,"finlayson lake"
124,"93","022","PELLY RIVER",1,68,4,1,1,5796,"pelly river"
124,"93","023","LAPIE RIVER",1,68,4,1,1,5797,"lapie river"
124,"93","024","QUIET LAKE",1,68,4,1,1,5798,"quiet lake"
124,"93","026","LAKE LABERGE",1,68,4,1,1,5799,"lake laberge"
124,"93","027","OTTER FALLS",1,68,4,1,1,5800,"otter falls"
124,"93","028","AISHIHIK",1,68,4,1,1,5801,"aishihik"
124,"93","029","KLUANE LAKE",0,68,4,1,1,5802,"kluane lake"
124,"93","030","BURWASH FLATS",0,68,4,1,1,5803,"burwash flats"
124,"93","031","WHITE RIVER",1,68,4,1,1,5804,"white river"
124,"93","033","CANOL ROAD",1,68,4,1,1,5805,"canol road"
124,"93","034","DRAGON LAKE",1,68,4,1,1,5806,"dragon lake"
124,"93","036","FARO",1,68,4,1,1,5807,"faro"
124,"93","037","DRURY LAKE",1,68,4,1,1,5808,"drury lake"
124,"93","038","LITTLE SALMON RIVER",1,68,4,1,1,5809,"little salmon river"
124,"93","039","MCGREGOR CREEK",1,68,4,1,1,5810,"mcgregor creek"
124,"93","043","SNAG JUNCTION",1,68,4,1,1,5811,"snag junction"
124,"93","046","MACMILLAN PASS",1,68,4,1,1,5812,"macmillan pass"
124,"93","051","MAYO LANDING",1,68,4,1,1,5813,"mayo landing"
124,"93","052","ETHEL LAKE",1,68,4,1,1,5814,"ethel lake"
124,"93","053","MCQUESTEN",1,68,4,1,1,5815,"mcquesten"
124,"93","054","STRICKLAND LAKE",1,68,4,1,1,5816,"strickland lake"
124,"93","055","Goldfields",1,68,4,1,1,5817,"goldfields"
124,"93","064","DEMPSTER HWY",1,68,4,1,1,5818,"dempster hwy"
124,"93","065","Top-of-the-World",1,68,4,1,1,5819,"top of the world"
124,"93","066","SWEDE DOME",1,68,4,1,1,5820,"swede dome"
124,"93","072","SOUTH OF MILE 77",1,68,4,1,1,5821,"south of mile 77"
124,"93","073","OGILVIE RIV AIRPORT",1,68,4,1,1,5822,"ogilvie riv airport"
124,"93","078","EAGLE RIVER",1,68,4,1,1,5823,"eagle river"
124,"93","079","ARCTIC CIRCLE",1,68,4,1,1,5824,"arctic circle"
124,"93","107","LITTLE RANCHERIA",1,68,4,1,1,5825,"little rancheria"
124,"93","110","JOHNSON CROSSING",1,68,4,1,1,5826,"johnson crossing"
124,"93","111","Marsh Lake",1,68,4,1,1,5827,"marsh lake"
124,"93","112","MT MCINTYRE",0,68,4,1,1,5828,"mt mcintyre"
124,"93","115","JARVIS RIVER",1,68,4,1,1,5829,"jarvis river"
124,"93","130","Swede Johnson Creek",1,68,4,1,1,5830,"swede johnson creek"
124,"93","139","TATCHUN",1,68,4,1,1,5831,"tatchun"
124,"93","164","BLACKSTONE RIVER",1,68,4,1,1,5832,"blackstone river"
124,"93","201","MARSHALL CREEK",0,68,4,1,1,5833,"marshall creek"
124,"93","214","BELOUD POST",1,68,4,1,1,5834,"beloud post"
124,"93","239","CARMACKS",1,68,4,1,1,5835,"carmacks"
124,"93","314","KLUKSHU",1,68,4,1,1,5836,"klukshu"
124,"93","829","Silver City",1,68,4,1,1,5837,"silver city"
124,"93","929","Christmas Creek",0,68,4,1,2,5838,"christmas creek"
